12/27/2013, 12:00:00 AM,0.0244,0.0271,0.0235,0.0271,148422
12/28/2013, 12:00:00 AM,0.0276,0.0281,0.0266,0.0273,143404
12/29/2013, 12:00:00 AM,0.0273,0.0275,0.0266,0.0272,56772
12/30/2013, 12:00:00 AM,0.0271,0.0278,0.027,0.0275,72634
12/31/2013, 12:00:00 AM,0.0277,0.0277,0.027,0.0273,63621
1/1/2014, 12:00:00 AM,0.0274,0.0278,0.0268,0.0269,58533
1/2/2014, 12:00:00 AM,0.027,0.0294,0.0264,0.0287,128914
1/3/2014, 12:00:00 AM,0.0288,0.029,0.0273,0.0276,89780
1/4/2014, 12:00:00 AM,0.0278,0.0284,0.0268,0.0281,60973
1/5/2014, 12:00:00 AM,0.0281,0.0297,0.0249,0.0252,200438
1/6/2014, 12:00:00 AM,0.0253,0.0274,0.0243,0.0257,184478
1/7/2014, 12:00:00 AM,0.0258,0.0264,0.023,0.023,73761
1/8/2014, 12:00:00 AM,0.0228,0.0247,0.0223,0.0232,82941
1/9/2014, 12:00:00 AM,0.023,0.0234,0.0212,0.0224,100357
1/10/2014, 12:00:00 AM,0.0224,0.0229,0.0217,0.0228,64111
1/11/2014, 12:00:00 AM,0.0227,0.0242,0.0226,0.024,70390
1/12/2014, 12:00:00 AM,0.0242,0.0244,0.022,0.022,42581
1/13/2014, 12:00:00 AM,0.022,0.022,0.0207,0.0217,15328
1/14/2014, 12:00:00 AM,0.0217,0.022,0.021,0.0212,41916
1/15/2014, 12:00:00 AM,0.0212,0.0224,0.0211,0.0222,25189
1/16/2014, 12:00:00 AM,0.0222,0.0223,0.021,0.021,58851
1/17/2014, 12:00:00 AM,0.021,0.0212,0.0201,0.0205,72572
1/18/2014, 12:00:00 AM,0.0206,0.0214,0.0206,0.0213,21242
1/19/2014, 12:00:00 AM,0.0213,0.0214,0.0203,0.0209,69842
1/20/2014, 12:00:00 AM,0.0209,0.021,0.0196,0.0199,67712
1/21/2014, 12:00:00 AM,0.0199,0.0202,0.0196,0.0199,82453
1/22/2014, 12:00:00 AM,0.02,0.02,0.0192,0.0194,60703
1/23/2014, 12:00:00 AM,0.0194,0.0195,0.0185,0.0185,106755
1/24/2014, 12:00:00 AM,0.0185,0.0185,0.0177,0.0181,136622
1/25/2014, 12:00:00 AM,0.0181,0.0194,0.018,0.0191,75029
1/26/2014, 12:00:00 AM,0.0191,0.0203,0.019,0.0201,77411
1/27/2014, 12:00:00 AM,0.0201,0.0205,0.0186,0.019,124685
1/28/2014, 12:00:00 AM,0.0194,0.0211,0.0194,0.0206,100169
1/29/2014, 12:00:00 AM,0.0205,0.0207,0.02,0.0203,73134
1/30/2014, 12:00:00 AM,0.0203,0.0206,0.0199,0.0203,90862
1/31/2014, 12:00:00 AM,0.0203,0.0206,0.0201,0.0205,98529
2/1/2014, 12:00:00 AM,0.0205,0.0211,0.0204,0.0207,123949
2/2/2014, 12:00:00 AM,0.0207,0.0219,0.0207,0.0216,112301
2/3/2014, 12:00:00 AM,0.0215,0.0217,0.0212,0.0214,74739
2/4/2014, 12:00:00 AM,0.0214,0.0216,0.021,0.021,75453
2/5/2014, 12:00:00 AM,0.0211,0.0211,0.0204,0.0204,54085
2/6/2014, 12:00:00 AM,0.0205,0.0207,0.0194,0.0198,97667
2/7/2014, 12:00:00 AM,0.0198,0.0198,0.0166,0.0184,153029
2/8/2014, 12:00:00 AM,0.0181,0.0186,0.0172,0.0175,54013
2/9/2014, 12:00:00 AM,0.0174,0.0183,0.017,0.0174,64662
2/10/2014, 12:00:00 AM,0.0174,0.0183,0.0135,0.0167,38466
2/11/2014, 12:00:00 AM,0.0182,0.0185,0.0158,0.0177,63155
2/12/2014, 12:00:00 AM,0.0177,0.0178,0.0155,0.0172,67226
2/13/2014, 12:00:00 AM,0.0172,0.0172,0.0145,0.0161,64399
2/14/2014, 12:00:00 AM,0.0161,0.0171,0.014,0.0164,126825
2/15/2014, 12:00:00 AM,0.0165,0.0165,0.0157,0.0161,82831
2/16/2014, 12:00:00 AM,0.0161,0.0165,0.0147,0.0153,80122
2/17/2014, 12:00:00 AM,0.0153,0.016,0.0151,0.0153,110878
2/18/2014, 12:00:00 AM,0.0153,0.0157,0.015,0.0153,152124
2/19/2014, 12:00:00 AM,0.0152,0.0156,0.0151,0.0152,106281
2/20/2014, 12:00:00 AM,0.0152,0.0155,0.0142,0.0143,217393
2/21/2014, 12:00:00 AM,0.0143,0.0152,0.0137,0.0151,124321
2/22/2014, 12:00:00 AM,0.0151,0.0157,0.0146,0.0157,88006
2/23/2014, 12:00:00 AM,0.0156,0.0161,0.0154,0.0154,103944
2/24/2014, 12:00:00 AM,0.0154,0.0155,0.0136,0.0136,141564
2/25/2014, 12:00:00 AM,0.0136,0.0137,0.0108,0.013,293736
2/26/2014, 12:00:00 AM,0.013,0.0142,0.013,0.0141,70979
2/27/2014, 12:00:00 AM,0.0141,0.0143,0.0137,0.0142,101022
2/28/2014, 12:00:00 AM,0.0141,0.0143,0.0136,0.0137,166863
3/1/2014, 12:00:00 AM,0.0137,0.014,0.0135,0.0138,111575
3/2/2014, 12:00:00 AM,0.0138,0.0138,0.0133,0.0135,62982
3/3/2014, 12:00:00 AM,0.0136,0.0157,0.0134,0.0156,127717
3/4/2014, 12:00:00 AM,0.0153,0.0182,0.0151,0.0161,179747
3/5/2014, 12:00:00 AM,0.016,0.0162,0.0154,0.016,122347
3/6/2014, 12:00:00 AM,0.016,0.0161,0.0156,0.0159,142277
3/7/2014, 12:00:00 AM,0.0159,0.016,0.0148,0.015,169553
3/8/2014, 12:00:00 AM,0.015,0.0151,0.0143,0.0144,56617
3/9/2014, 12:00:00 AM,0.0145,0.0155,0.0142,0.0147,47281
3/10/2014, 12:00:00 AM,0.0147,0.015,0.014,0.0147,101610
3/11/2014, 12:00:00 AM,0.0148,0.0149,0.014,0.0143,33228
3/12/2014, 12:00:00 AM,0.0142,0.0152,0.0142,0.0144,135171
3/13/2014, 12:00:00 AM,0.0144,0.0145,0.0142,0.0143,57138
3/14/2014, 12:00:00 AM,0.0143,0.0144,0.0141,0.0142,121852
3/15/2014, 12:00:00 AM,0.0142,0.0144,0.0142,0.0144,37093
3/16/2014, 12:00:00 AM,0.0144,0.0145,0.0142,0.0143,82339
3/17/2014, 12:00:00 AM,0.0143,0.0144,0.0139,0.0141,121541
3/18/2014, 12:00:00 AM,0.0141,0.0141,0.0137,0.0141,87514
3/19/2014, 12:00:00 AM,0.0141,0.0142,0.0139,0.014,132717
3/20/2014, 12:00:00 AM,0.0139,0.0141,0.0136,0.0136,162797
3/21/2014, 12:00:00 AM,0.0137,0.0139,0.013,0.0133,192607
3/22/2014, 12:00:00 AM,0.0132,0.0134,0.0129,0.013,137122
3/23/2014, 12:00:00 AM,0.013,0.0131,0.0127,0.0127,137413
3/24/2014, 12:00:00 AM,0.0127,0.0129,0.0123,0.0129,115538
3/25/2014, 12:00:00 AM,0.0129,0.0129,0.0126,0.0128,90025
3/26/2014, 12:00:00 AM,0.0128,0.0128,0.0125,0.0126,154104
3/27/2014, 12:00:00 AM,0.0126,0.0126,0.0102,0.0102,272507
3/28/2014, 12:00:00 AM,0.0103,0.0112,0.0102,0.0106,220765
3/29/2014, 12:00:00 AM,0.0106,0.0106,0.0103,0.0103,121921
3/30/2014, 12:00:00 AM,0.0104,0.0104,0.0093,0.0097,177965
3/31/2014, 12:00:00 AM,0.0097,0.0099,0.0087,0.0088,244598
4/1/2014, 12:00:00 AM,0.0088,0.0093,0.0086,0.0088,172709
4/2/2014, 12:00:00 AM,0.0088,0.009,0.0077,0.0079,306889
4/3/2014, 12:00:00 AM,0.0079,0.008,0.0072,0.0079,172873
4/4/2014, 12:00:00 AM,0.008,0.0083,0.0077,0.0081,132007
4/5/2014, 12:00:00 AM,0.0081,0.0084,0.0079,0.0083,73596
4/6/2014, 12:00:00 AM,0.0084,0.0084,0.0081,0.0083,95708
4/7/2014, 12:00:00 AM,0.0083,0.0083,0.008,0.008,62187
4/8/2014, 12:00:00 AM,0.008,0.0082,0.008,0.008,65204
4/9/2014, 12:00:00 AM,0.008,0.0082,0.0078,0.0079,221844
4/10/2014, 12:00:00 AM,0.0079,0.0079,0.0062,0.0063,332953
4/11/2014, 12:00:00 AM,0.0063,0.0072,0.0061,0.0066,345888
4/12/2014, 12:00:00 AM,0.0066,0.0068,0.0062,0.0063,182421
4/13/2014, 12:00:00 AM,0.0063,0.0063,0.0058,0.006,153005
4/14/2014, 12:00:00 AM,0.006,0.0066,0.0059,0.0065,466329
4/15/2014, 12:00:00 AM,0.0065,0.0077,0.0064,0.0077,274616
4/16/2014, 12:00:00 AM,0.0078,0.0079,0.0068,0.007,1024970
4/17/2014, 12:00:00 AM,0.0071,0.0072,0.0062,0.0063,261187
4/18/2014, 12:00:00 AM,0.0063,0.0064,0.0061,0.0062,209538
4/19/2014, 12:00:00 AM,0.0062,0.0066,0.0062,0.0065,207541
4/20/2014, 12:00:00 AM,0.0065,0.0066,0.0062,0.0062,162830
4/21/2014, 12:00:00 AM,0.0062,0.0064,0.0061,0.0061,172813
4/22/2014, 12:00:00 AM,0.0061,0.0062,0.0061,0.0061,205655
4/23/2014, 12:00:00 AM,0.0061,0.0062,0.006,0.0061,248284
4/24/2014, 12:00:00 AM,0.0061,0.0061,0.0059,0.0061,201064
4/25/2014, 12:00:00 AM,0.0061,0.0061,0.0052,0.0055,115698
4/26/2014, 12:00:00 AM,0.0055,0.0056,0.0054,0.0054,62246
4/27/2014, 12:00:00 AM,0.0054,0.0054,0.0049,0.0049,183777
4/28/2014, 12:00:00 AM,0.0048,0.0052,0.0047,0.0051,179020
4/29/2014, 12:00:00 AM,0.0051,0.0054,0.0051,0.0054,66925
4/30/2014, 12:00:00 AM,0.0054,0.0054,0.0052,0.0054,222003
5/1/2014, 12:00:00 AM,0.0054,0.0055,0.0053,0.0054,167861
5/2/2014, 12:00:00 AM,0.0054,0.0055,0.0052,0.0053,292881
5/3/2014, 12:00:00 AM,0.0053,0.0053,0.005,0.005,78782
5/4/2014, 12:00:00 AM,0.005,0.0051,0.0049,0.005,50950
5/5/2014, 12:00:00 AM,0.005,0.0052,0.005,0.0052,184156
5/6/2014, 12:00:00 AM,0.0052,0.0063,0.0051,0.006,518867
5/7/2014, 12:00:00 AM,0.006,0.0066,0.006,0.0064,566819
5/8/2014, 12:00:00 AM,0.0063,0.0064,0.006,0.0061,293424
5/9/2014, 12:00:00 AM,0.0061,0.0061,0.006,0.0061,234478
5/10/2014, 12:00:00 AM,0.0061,0.0061,0.0059,0.006,173762
5/11/2014, 12:00:00 AM,0.0059,0.006,0.0057,0.0058,120923
5/12/2014, 12:00:00 AM,0.0058,0.006,0.0058,0.0059,168471
5/13/2014, 12:00:00 AM,0.0059,0.0065,0.0059,0.0063,331979
5/14/2014, 12:00:00 AM,0.0063,0.0077,0.0063,0.0072,972270
5/15/2014, 12:00:00 AM,0.0072,0.0073,0.007,0.0071,367672
5/16/2014, 12:00:00 AM,0.0071,0.0071,0.0068,0.0069,313468
5/17/2014, 12:00:00 AM,0.0069,0.0069,0.0065,0.0065,248157
5/18/2014, 12:00:00 AM,0.0065,0.0065,0.006,0.006,346678
5/19/2014, 12:00:00 AM,0.006,0.006,0.0059,0.006,247907
5/20/2014, 12:00:00 AM,0.0061,0.0068,0.006,0.0067,395587
5/21/2014, 12:00:00 AM,0.0067,0.0068,0.0066,0.0067,474992
5/22/2014, 12:00:00 AM,0.0067,0.0067,0.004,0.004,2846750
5/23/2014, 12:00:00 AM,0.004,0.004,0.0031,0.0033,1174650
5/24/2014, 12:00:00 AM,0.0033,0.0042,0.0031,0.0041,1111310
5/25/2014, 12:00:00 AM,0.0041,0.0043,0.0035,0.0037,638473
5/26/2014, 12:00:00 AM,0.0037,0.0038,0.0036,0.0038,464861
5/27/2014, 12:00:00 AM,0.0038,0.0046,0.0037,0.0046,1358170
5/28/2014, 12:00:00 AM,0.0047,0.0053,0.0045,0.005,1550580
5/29/2014, 12:00:00 AM,0.005,0.0051,0.0047,0.0048,485322
5/30/2014, 12:00:00 AM,0.0048,0.0048,0.0041,0.0042,166638
5/31/2014, 12:00:00 AM,0.0042,0.0044,0.0041,0.0042,201568
6/1/2014, 12:00:00 AM,0.0042,0.0043,0.0039,0.0041,246244
6/2/2014, 12:00:00 AM,0.0041,0.0044,0.004,0.0043,274937
6/3/2014, 12:00:00 AM,0.0043,0.0046,0.0042,0.0044,612441
6/4/2014, 12:00:00 AM,0.0044,0.0044,0.004,0.004,438672
6/5/2014, 12:00:00 AM,0.0039,0.0041,0.0038,0.0038,251994
6/6/2014, 12:00:00 AM,0.004,0.004,0.0038,0.0039,62554
6/7/2014, 12:00:00 AM,0.0039,0.004,0.0038,0.004,103888
6/8/2014, 12:00:00 AM,0.004,0.004,0.0039,0.004,115875
6/9/2014, 12:00:00 AM,0.004,0.0043,0.004,0.0042,434971
6/10/2014, 12:00:00 AM,0.0042,0.0046,0.0042,0.0046,386360
6/11/2014, 12:00:00 AM,0.0046,0.0046,0.0044,0.0044,257057
6/12/2014, 12:00:00 AM,0.0044,0.0044,0.004,0.0041,264548
6/13/2014, 12:00:00 AM,0.004,0.0042,0.004,0.0042,172430
6/14/2014, 12:00:00 AM,0.0041,0.0041,0.0039,0.004,144324
6/15/2014, 12:00:00 AM,0.004,0.0042,0.0039,0.0042,82035
6/16/2014, 12:00:00 AM,0.0042,0.0043,0.0042,0.0042,177955
6/17/2014, 12:00:00 AM,0.0042,0.0043,0.0042,0.0043,115743
6/18/2014, 12:00:00 AM,0.0043,0.0043,0.0042,0.0043,153448
6/19/2014, 12:00:00 AM,0.0043,0.0043,0.0042,0.0042,24118
6/20/2014, 12:00:00 AM,0.0042,0.0043,0.0042,0.0042,157677
6/21/2014, 12:00:00 AM,0.0042,0.0042,0.0041,0.0042,77189
6/22/2014, 12:00:00 AM,0.0042,0.0042,0.0042,0.0042,204893
6/23/2014, 12:00:00 AM,0.0042,0.0042,0.004,0.0041,104712
6/24/2014, 12:00:00 AM,0.0041,0.0042,0.0041,0.0041,196770
6/25/2014, 12:00:00 AM,0.0041,0.0041,0.0039,0.0039,208741
6/26/2014, 12:00:00 AM,0.0039,0.0041,0.0039,0.0041,19022
6/27/2014, 12:00:00 AM,0.0041,0.0041,0.004,0.004,17794
6/28/2014, 12:00:00 AM,0.004,0.0041,0.0039,0.0039,8316
6/29/2014, 12:00:00 AM,0.0039,0.0041,0.0039,0.004,13533
6/30/2014, 12:00:00 AM,0.004,0.0041,0.0038,0.0038,20028
7/1/2014, 12:00:00 AM,0.0038,0.0042,0.0036,0.0036,241870
7/2/2014, 12:00:00 AM,0.0036,0.0036,0.0035,0.0035,157412
7/3/2014, 12:00:00 AM,0.0035,0.0035,0.0034,0.0034,140023
7/4/2014, 12:00:00 AM,0.0034,0.0034,0.0032,0.0033,224680
7/5/2014, 12:00:00 AM,0.0033,0.0033,0.0031,0.0031,215980
7/6/2014, 12:00:00 AM,0.0031,0.0032,0.0028,0.0028,148862
7/7/2014, 12:00:00 AM,0.0028,0.0031,0.0028,0.0031,191510
7/8/2014, 12:00:00 AM,0.0031,0.0033,0.0031,0.0033,222957
7/9/2014, 12:00:00 AM,0.0033,0.0039,0.0033,0.0039,178918
7/10/2014, 12:00:00 AM,0.0039,0.0041,0.0039,0.0041,281909
7/11/2014, 12:00:00 AM,0.0041,0.0043,0.0041,0.0043,406560
7/12/2014, 12:00:00 AM,0.0043,0.0044,0.0043,0.0043,172674
7/13/2014, 12:00:00 AM,0.0043,0.0043,0.0042,0.0043,64623
7/14/2014, 12:00:00 AM,0.0043,0.0044,0.0043,0.0044,113927
7/15/2014, 12:00:00 AM,0.0044,0.0045,0.0044,0.0045,176067
7/16/2014, 12:00:00 AM,0.0045,0.0049,0.0045,0.0049,351852
7/17/2014, 12:00:00 AM,0.0049,0.0062,0.0049,0.0062,952310
7/18/2014, 12:00:00 AM,0.0062,0.0065,0.0061,0.0064,613098
7/19/2014, 12:00:00 AM,0.0064,0.0064,0.0053,0.0053,538408
7/20/2014, 12:00:00 AM,0.0053,0.0054,0.0052,0.0054,175004
7/21/2014, 12:00:00 AM,0.0054,0.0054,0.0053,0.0054,136967
7/22/2014, 12:00:00 AM,0.0054,0.0056,0.0054,0.0056,280454
7/23/2014, 12:00:00 AM,0.0057,0.0062,0.0056,0.0061,327880
7/24/2014, 12:00:00 AM,0.0062,0.0062,0.0059,0.0059,263739
7/25/2014, 12:00:00 AM,0.0059,0.0061,0.0059,0.006,153002
7/26/2014, 12:00:00 AM,0.0061,0.0061,0.006,0.006,146117
7/27/2014, 12:00:00 AM,0.006,0.0061,0.006,0.006,99553
7/28/2014, 12:00:00 AM,0.006,0.0062,0.006,0.0062,159893
7/29/2014, 12:00:00 AM,0.0062,0.0062,0.0061,0.0061,123408
7/30/2014, 12:00:00 AM,0.0061,0.0061,0.0051,0.0051,474010
7/31/2014, 12:00:00 AM,0.0051,0.0056,0.0051,0.0052,572621
8/1/2014, 12:00:00 AM,0.0052,0.0054,0.0051,0.0054,393153
8/2/2014, 12:00:00 AM,0.0054,0.0055,0.0053,0.0053,220518
8/3/2014, 12:00:00 AM,0.0053,0.0053,0.0052,0.0052,70579
8/4/2014, 12:00:00 AM,0.0052,0.0052,0.0048,0.005,341765
8/5/2014, 12:00:00 AM,0.005,0.0051,0.0049,0.0051,256947
8/6/2014, 12:00:00 AM,0.0051,0.0053,0.0051,0.0053,203335
8/7/2014, 12:00:00 AM,0.0053,0.0054,0.0052,0.0053,221958
8/8/2014, 12:00:00 AM,0.0053,0.0055,0.0053,0.0055,192304
8/9/2014, 12:00:00 AM,0.0055,0.0055,0.0052,0.0052,325886
8/10/2014, 12:00:00 AM,0.0052,0.0052,0.005,0.005,250863
8/11/2014, 12:00:00 AM,0.005,0.0052,0.0049,0.0052,272387
8/12/2014, 12:00:00 AM,0.0052,0.0052,0.005,0.005,289977
8/13/2014, 12:00:00 AM,0.0051,0.0051,0.0049,0.005,291148
8/14/2014, 12:00:00 AM,0.005,0.0053,0.005,0.0052,665506
8/15/2014, 12:00:00 AM,0.0053,0.0055,0.0053,0.0054,300831
8/16/2014, 12:00:00 AM,0.0054,0.0055,0.0053,0.0054,94314
8/17/2014, 12:00:00 AM,0.0054,0.0054,0.0051,0.0052,118160
8/18/2014, 12:00:00 AM,0.0052,0.0052,0.005,0.005,495720
8/19/2014, 12:00:00 AM,0.005,0.0051,0.0049,0.0051,176197
8/20/2014, 12:00:00 AM,0.0051,0.0053,0.005,0.0053,190557
8/21/2014, 12:00:00 AM,0.0053,0.0053,0.0051,0.0051,152905
8/22/2014, 12:00:00 AM,0.0051,0.0051,0.005,0.0051,169540
8/23/2014, 12:00:00 AM,0.0051,0.0051,0.005,0.005,104190
8/24/2014, 12:00:00 AM,0.005,0.0052,0.005,0.0052,83678
8/25/2014, 12:00:00 AM,0.0052,0.0052,0.0049,0.005,291023
8/26/2014, 12:00:00 AM,0.005,0.005,0.0048,0.0048,455688
8/27/2014, 12:00:00 AM,0.0048,0.005,0.0048,0.005,167374
8/28/2014, 12:00:00 AM,0.005,0.0052,0.005,0.0051,365820
8/29/2014, 12:00:00 AM,0.0051,0.0051,0.0049,0.005,169548
8/30/2014, 12:00:00 AM,0.005,0.005,0.005,0.005,136957
8/31/2014, 12:00:00 AM,0.005,0.005,0.0049,0.0049,113365
9/1/2014, 12:00:00 AM,0.0049,0.0051,0.0049,0.005,267095
9/2/2014, 12:00:00 AM,0.005,0.0051,0.0046,0.0046,230315
9/3/2014, 12:00:00 AM,0.0047,0.0049,0.0046,0.0048,193017
9/4/2014, 12:00:00 AM,0.0048,0.0048,0.0048,0.0048,124814
9/5/2014, 12:00:00 AM,0.0048,0.0049,0.0048,0.0049,119145
9/6/2014, 12:00:00 AM,0.0049,0.0049,0.0048,0.0048,65745
9/7/2014, 12:00:00 AM,0.0048,0.0048,0.0047,0.0047,87858
9/8/2014, 12:00:00 AM,0.0047,0.0048,0.0047,0.0047,108080
9/9/2014, 12:00:00 AM,0.0047,0.0047,0.0047,0.0047,181677
9/10/2014, 12:00:00 AM,0.0047,0.0048,0.0047,0.0048,161440
9/11/2014, 12:00:00 AM,0.0048,0.0048,0.0047,0.0048,105518
9/12/2014, 12:00:00 AM,0.0048,0.0048,0.0047,0.0047,195038
9/13/2014, 12:00:00 AM,0.0047,0.0047,0.0047,0.0047,131835
9/14/2014, 12:00:00 AM,0.0047,0.0058,0.0047,0.0051,983382
9/15/2014, 12:00:00 AM,0.0051,0.0052,0.005,0.0051,319290
9/16/2014, 12:00:00 AM,0.0051,0.0053,0.005,0.0051,590507
9/17/2014, 12:00:00 AM,0.0051,0.0058,0.0051,0.0054,1281960
9/18/2014, 12:00:00 AM,0.0054,0.0055,0.0051,0.0051,491147
9/19/2014, 12:00:00 AM,0.0051,0.0052,0.0049,0.0049,407109
9/20/2014, 12:00:00 AM,0.0049,0.005,0.0047,0.0048,322621
9/21/2014, 12:00:00 AM,0.0048,0.0048,0.0045,0.0046,309571
9/22/2014, 12:00:00 AM,0.0046,0.0047,0.0045,0.0047,267342
9/23/2014, 12:00:00 AM,0.0047,0.0047,0.0046,0.0046,323106
9/24/2014, 12:00:00 AM,0.0046,0.0047,0.0045,0.0047,349329
9/25/2014, 12:00:00 AM,0.0047,0.0049,0.0046,0.0047,745348
9/26/2014, 12:00:00 AM,0.0047,0.0047,0.0046,0.0046,497323
9/27/2014, 12:00:00 AM,0.0046,0.0047,0.0046,0.0047,221573
9/28/2014, 12:00:00 AM,0.0047,0.0053,0.0047,0.0053,464102
9/29/2014, 12:00:00 AM,0.0053,0.0054,0.0047,0.0047,122073
9/30/2014, 12:00:00 AM,0.0047,0.0047,0.0046,0.0046,109352
10/1/2014, 12:00:00 AM,0.0046,0.0048,0.0046,0.0048,64998
10/2/2014, 12:00:00 AM,0.0048,0.0049,0.0048,0.0049,209158
10/3/2014, 12:00:00 AM,0.0049,0.0051,0.0049,0.005,264083
10/4/2014, 12:00:00 AM,0.005,0.0052,0.0049,0.0049,168516
10/5/2014, 12:00:00 AM,0.0049,0.005,0.0048,0.0048,181316
10/6/2014, 12:00:00 AM,0.0048,0.0048,0.0047,0.0047,218684
10/7/2014, 12:00:00 AM,0.0047,0.0048,0.0047,0.0048,136439
10/8/2014, 12:00:00 AM,0.0048,0.0048,0.0047,0.0048,398026
10/9/2014, 12:00:00 AM,0.0048,0.0049,0.0048,0.0048,214591
10/10/2014, 12:00:00 AM,0.0048,0.0049,0.0048,0.0049,140436
10/11/2014, 12:00:00 AM,0.0049,0.0049,0.0048,0.0048,263175
10/12/2014, 12:00:00 AM,0.0048,0.0049,0.0047,0.0049,272667
10/13/2014, 12:00:00 AM,0.0049,0.0049,0.0047,0.0048,463679
10/14/2014, 12:00:00 AM,0.0048,0.0049,0.0048,0.0049,231490
10/15/2014, 12:00:00 AM,0.0049,0.0049,0.0048,0.0048,235627
10/16/2014, 12:00:00 AM,0.0048,0.0049,0.0048,0.0049,119623
10/17/2014, 12:00:00 AM,0.0049,0.0049,0.0048,0.0049,245692
10/18/2014, 12:00:00 AM,0.0049,0.005,0.0049,0.005,69145
10/19/2014, 12:00:00 AM,0.005,0.005,0.0049,0.005,55748
10/20/2014, 12:00:00 AM,0.0049,0.0051,0.0049,0.0051,295888
10/21/2014, 12:00:00 AM,0.0051,0.0052,0.0051,0.0052,146796
10/22/2014, 12:00:00 AM,0.0052,0.0052,0.0052,0.0052,107561
10/23/2014, 12:00:00 AM,0.0052,0.0052,0.0051,0.0051,378216
10/24/2014, 12:00:00 AM,0.0051,0.0052,0.0051,0.0051,282070
10/25/2014, 12:00:00 AM,0.0051,0.0051,0.0047,0.0047,272566
10/26/2014, 12:00:00 AM,0.0047,0.0047,0.0045,0.0046,440679
10/27/2014, 12:00:00 AM,0.0046,0.0049,0.0045,0.0049,299518
10/28/2014, 12:00:00 AM,0.0049,0.0049,0.0046,0.0049,272894
10/29/2014, 12:00:00 AM,0.0048,0.0049,0.0048,0.0048,346606
10/30/2014, 12:00:00 AM,0.0048,0.0049,0.0048,0.0049,220063
10/31/2014, 12:00:00 AM,0.0049,0.0049,0.0049,0.0049,151046
11/1/2014, 12:00:00 AM,0.0049,0.0049,0.0046,0.0047,190204
11/2/2014, 12:00:00 AM,0.0047,0.0047,0.0046,0.0047,119913
11/3/2014, 12:00:00 AM,0.0047,0.0048,0.0047,0.0048,212517
11/4/2014, 12:00:00 AM,0.0048,0.0049,0.0048,0.0048,276134
11/5/2014, 12:00:00 AM,0.0048,0.0049,0.0048,0.0049,309820
11/6/2014, 12:00:00 AM,0.0049,0.0049,0.0048,0.0049,416386
11/7/2014, 12:00:00 AM,0.0049,0.0049,0.0049,0.0049,434075
11/8/2014, 12:00:00 AM,0.0049,0.0049,0.0049,0.0049,143181
11/9/2014, 12:00:00 AM,0.0049,0.0049,0.0049,0.0049,240824
11/10/2014, 12:00:00 AM,0.0049,0.005,0.0049,0.0049,545390
11/11/2014, 12:00:00 AM,0.0049,0.0049,0.0049,0.0049,781614
11/12/2014, 12:00:00 AM,0.0049,0.0052,0.0049,0.0051,447173
11/13/2014, 12:00:00 AM,0.0051,0.0053,0.0049,0.005,486595
11/14/2014, 12:00:00 AM,0.005,0.0052,0.0049,0.0052,300910
11/15/2014, 12:00:00 AM,0.0052,0.0052,0.005,0.0051,116803
11/16/2014, 12:00:00 AM,0.005,0.0052,0.005,0.0052,78345
11/17/2014, 12:00:00 AM,0.0052,0.0054,0.0052,0.0053,431359
11/18/2014, 12:00:00 AM,0.0053,0.0055,0.0053,0.0054,454544
11/19/2014, 12:00:00 AM,0.0054,0.0057,0.0054,0.0057,434916
11/20/2014, 12:00:00 AM,0.0057,0.0061,0.0057,0.0061,932564
11/21/2014, 12:00:00 AM,0.0061,0.0066,0.006,0.0066,720035
11/22/2014, 12:00:00 AM,0.0066,0.0078,0.0066,0.0077,1123560
11/23/2014, 12:00:00 AM,0.0077,0.0088,0.0077,0.0086,1288050
11/24/2014, 12:00:00 AM,0.0086,0.0088,0.0084,0.0086,836154
11/25/2014, 12:00:00 AM,0.0086,0.0098,0.0086,0.0097,2617990
11/26/2014, 12:00:00 AM,0.0097,0.011,0.0097,0.011,2382860
11/27/2014, 12:00:00 AM,0.011,0.0142,0.011,0.0142,5355350
11/28/2014, 12:00:00 AM,0.0142,0.0153,0.0138,0.0152,2815520
11/29/2014, 12:00:00 AM,0.0152,0.0152,0.014,0.014,1878500
11/30/2014, 12:00:00 AM,0.014,0.014,0.0112,0.0112,2857340
12/1/2014, 12:00:00 AM,0.0112,0.0126,0.0081,0.0126,3453750
12/2/2014, 12:00:00 AM,0.0126,0.0133,0.0126,0.0132,2206040
12/3/2014, 12:00:00 AM,0.0132,0.0132,0.0129,0.0131,1063000
12/4/2014, 12:00:00 AM,0.0131,0.0134,0.0131,0.0133,2363160
12/5/2014, 12:00:00 AM,0.0133,0.0138,0.0133,0.0138,1281290
12/6/2014, 12:00:00 AM,0.0138,0.0144,0.0137,0.0144,1402450
12/7/2014, 12:00:00 AM,0.0144,0.0148,0.0144,0.0148,935386
12/8/2014, 12:00:00 AM,0.0148,0.0152,0.0132,0.0134,2568380
12/9/2014, 12:00:00 AM,0.0134,0.0151,0.0133,0.0151,1621600
12/10/2014, 12:00:00 AM,0.0151,0.0159,0.015,0.0159,1116220
12/11/2014, 12:00:00 AM,0.0159,0.0164,0.0158,0.0164,1620910
12/12/2014, 12:00:00 AM,0.0164,0.0164,0.0164,0.0164,1620910
12/13/2014, 12:00:00 AM,0.0164,0.0172,0.0164,0.017,1210950
12/14/2014, 12:00:00 AM,0.017,0.0172,0.017,0.0171,431814
12/15/2014, 12:00:00 AM,0.0171,0.0182,0.0171,0.0182,2633740
12/16/2014, 12:00:00 AM,0.0183,0.0217,0.0182,0.0215,6249780
12/17/2014, 12:00:00 AM,0.0216,0.0261,0.0215,0.0261,5981140
12/18/2014, 12:00:00 AM,0.026,0.028,0.0255,0.0279,4016710
12/19/2014, 12:00:00 AM,0.028,0.028,0.0233,0.0233,6254590
12/20/2014, 12:00:00 AM,0.0234,0.0242,0.0226,0.0242,3224770
12/21/2014, 12:00:00 AM,0.0242,0.0252,0.0242,0.0249,1523180
12/22/2014, 12:00:00 AM,0.0249,0.0257,0.0249,0.0256,2150370
12/23/2014, 12:00:00 AM,0.0256,0.0256,0.0239,0.0239,2778770
12/24/2014, 12:00:00 AM,0.0238,0.0239,0.0232,0.0234,1428390
12/25/2014, 12:00:00 AM,0.0234,0.0241,0.0234,0.0241,1234800
12/26/2014, 12:00:00 AM,0.0242,0.0254,0.0242,0.0253,2011780
12/27/2014, 12:00:00 AM,0.0253,0.0253,0.0241,0.0241,837992
12/28/2014, 12:00:00 AM,0.0241,0.0242,0.0236,0.0238,1005650
12/29/2014, 12:00:00 AM,0.0238,0.0243,0.0238,0.0242,1145800
12/30/2014, 12:00:00 AM,0.0242,0.0243,0.024,0.0242,795505
12/31/2014, 12:00:00 AM,0.0242,0.0244,0.0242,0.0244,640940
1/1/2015, 12:00:00 AM,0.0245,0.0245,0.0242,0.0244,399022
1/2/2015, 12:00:00 AM,0.0244,0.0244,0.0243,0.0243,459956
1/3/2015, 12:00:00 AM,0.0243,0.0243,0.0221,0.0221,2171040
1/4/2015, 12:00:00 AM,0.0221,0.0221,0.0188,0.0189,3801010
1/5/2015, 12:00:00 AM,0.0189,0.0203,0.0189,0.0203,3051930
1/6/2015, 12:00:00 AM,0.0203,0.0207,0.0203,0.0207,1752160
1/7/2015, 12:00:00 AM,0.0207,0.0209,0.0205,0.0208,787462
1/8/2015, 12:00:00 AM,0.0208,0.0209,0.0207,0.0207,823446
1/9/2015, 12:00:00 AM,0.0207,0.0207,0.0205,0.0206,1092300
1/10/2015, 12:00:00 AM,0.0206,0.0206,0.0192,0.0192,1550330
1/11/2015, 12:00:00 AM,0.0192,0.0193,0.0188,0.0188,558120
1/12/2015, 12:00:00 AM,0.0188,0.0189,0.0184,0.0184,560642
1/13/2015, 12:00:00 AM,0.0184,0.0208,0.0156,0.0157,3113440
1/14/2015, 12:00:00 AM,0.0156,0.0223,0.0141,0.0142,1886420
1/15/2015, 12:00:00 AM,0.0142,0.0165,0.0142,0.0164,2285810
1/16/2015, 12:00:00 AM,0.0165,0.0171,0.0164,0.0164,1651550
1/17/2015, 12:00:00 AM,0.0164,0.0164,0.0154,0.0154,737736
1/18/2015, 12:00:00 AM,0.0154,0.0158,0.0151,0.0156,1170730
1/19/2015, 12:00:00 AM,0.0157,0.016,0.0157,0.016,1093540
1/20/2015, 12:00:00 AM,0.016,0.0161,0.0159,0.0161,1029700
1/21/2015, 12:00:00 AM,0.0161,0.0167,0.0161,0.0167,1141990
1/22/2015, 12:00:00 AM,0.0167,0.017,0.0167,0.017,1105630
1/23/2015, 12:00:00 AM,0.017,0.017,0.0167,0.0167,1080800
1/24/2015, 12:00:00 AM,0.0167,0.0169,0.0166,0.0167,945649
1/25/2015, 12:00:00 AM,0.0167,0.0169,0.0164,0.0166,892182
1/26/2015, 12:00:00 AM,0.0166,0.0178,0.0158,0.016,3079280
1/27/2015, 12:00:00 AM,0.016,0.0161,0.0155,0.0158,1316000
1/28/2015, 12:00:00 AM,0.0158,0.0159,0.0149,0.015,1380280
1/29/2015, 12:00:00 AM,0.015,0.015,0.0145,0.0147,1097200
1/30/2015, 12:00:00 AM,0.0147,0.0148,0.0144,0.0144,807399
1/31/2015, 12:00:00 AM,0.0144,0.0146,0.0143,0.0143,557619
2/1/2015, 12:00:00 AM,0.0143,0.0143,0.0141,0.0141,852106
2/2/2015, 12:00:00 AM,0.0141,0.0142,0.0135,0.0137,1482760
2/3/2015, 12:00:00 AM,0.0137,0.0137,0.013,0.013,1264170
2/4/2015, 12:00:00 AM,0.013,0.0135,0.013,0.0135,625444
2/5/2015, 12:00:00 AM,0.0135,0.0145,0.0135,0.0145,1221720
2/6/2015, 12:00:00 AM,0.0145,0.0155,0.0145,0.0152,1790130
2/7/2015, 12:00:00 AM,0.0152,0.0152,0.0145,0.0146,518284
2/8/2015, 12:00:00 AM,0.0146,0.0147,0.0144,0.0144,446888
2/9/2015, 12:00:00 AM,0.0144,0.0144,0.014,0.014,625357
2/10/2015, 12:00:00 AM,0.014,0.014,0.0136,0.0137,850302
2/11/2015, 12:00:00 AM,0.0136,0.0138,0.0136,0.0138,457627
2/12/2015, 12:00:00 AM,0.0138,0.0141,0.0138,0.014,542301
2/13/2015, 12:00:00 AM,0.014,0.0147,0.014,0.0146,1005470
2/14/2015, 12:00:00 AM,0.0146,0.015,0.0146,0.015,816442
2/15/2015, 12:00:00 AM,0.0149,0.015,0.0136,0.0137,1134340
2/16/2015, 12:00:00 AM,0.0138,0.0139,0.0136,0.0138,391037
2/17/2015, 12:00:00 AM,0.0138,0.0141,0.0137,0.014,428236
2/18/2015, 12:00:00 AM,0.014,0.0141,0.0137,0.0138,384700
2/19/2015, 12:00:00 AM,0.0138,0.0139,0.0138,0.0138,308654
2/20/2015, 12:00:00 AM,0.0137,0.0138,0.0135,0.0135,1036780
2/21/2015, 12:00:00 AM,0.0135,0.0135,0.0132,0.0133,314420
2/22/2015, 12:00:00 AM,0.0133,0.0134,0.0131,0.0131,587911
2/23/2015, 12:00:00 AM,0.0131,0.0134,0.0131,0.0133,439387
2/24/2015, 12:00:00 AM,0.0134,0.0134,0.0133,0.0134,627475
2/25/2015, 12:00:00 AM,0.0134,0.0135,0.0134,0.0134,502828
2/26/2015, 12:00:00 AM,0.0134,0.0134,0.0133,0.0133,836544
2/27/2015, 12:00:00 AM,0.0133,0.0136,0.0133,0.0134,910485
2/28/2015, 12:00:00 AM,0.0134,0.0134,0.013,0.013,520080
3/1/2015, 12:00:00 AM,0.013,0.013,0.0121,0.0122,1496970
3/2/2015, 12:00:00 AM,0.0122,0.0122,0.0119,0.0122,1284250
3/3/2015, 12:00:00 AM,0.0122,0.0122,0.0106,0.0106,3050010
3/4/2015, 12:00:00 AM,0.0102,0.0102,0.0098,0.01,2851890
3/5/2015, 12:00:00 AM,0.0101,0.0116,0.0101,0.0115,3088530
3/6/2015, 12:00:00 AM,0.0116,0.0117,0.0109,0.0109,978284
3/7/2015, 12:00:00 AM,0.0109,0.0109,0.0105,0.0105,1230270
3/8/2015, 12:00:00 AM,0.0105,0.0105,0.0099,0.01,735996
3/9/2015, 12:00:00 AM,0.01,0.0108,0.01,0.0106,2361390
3/10/2015, 12:00:00 AM,0.0106,0.0107,0.0101,0.0101,1642070
3/11/2015, 12:00:00 AM,0.0101,0.0102,0.01,0.0102,755784
3/12/2015, 12:00:00 AM,0.0102,0.0104,0.0102,0.0104,687546
3/13/2015, 12:00:00 AM,0.0104,0.0106,0.0103,0.0105,701607
3/14/2015, 12:00:00 AM,0.0105,0.0111,0.0104,0.0111,798070
3/15/2015, 12:00:00 AM,0.0111,0.0112,0.0108,0.0108,407154
3/16/2015, 12:00:00 AM,0.0108,0.0111,0.0108,0.011,859896
3/17/2015, 12:00:00 AM,0.011,0.011,0.0109,0.0109,805396
3/18/2015, 12:00:00 AM,0.0109,0.011,0.0105,0.0106,1632590
3/19/2015, 12:00:00 AM,0.0106,0.0106,0.0103,0.0105,2771610
3/20/2015, 12:00:00 AM,0.0105,0.0106,0.0103,0.0105,447184
3/21/2015, 12:00:00 AM,0.0104,0.0105,0.0102,0.0102,394129
3/22/2015, 12:00:00 AM,0.0102,0.0103,0.0101,0.0102,306080
3/23/2015, 12:00:00 AM,0.0102,0.0104,0.0101,0.0103,670229
3/24/2015, 12:00:00 AM,0.0103,0.0103,0.0098,0.0098,608763
3/25/2015, 12:00:00 AM,0.0098,0.0098,0.0091,0.0091,1160540
3/26/2015, 12:00:00 AM,0.0091,0.0091,0.0087,0.0088,609264
3/27/2015, 12:00:00 AM,0.0088,0.009,0.0087,0.0089,439537
3/28/2015, 12:00:00 AM,0.0089,0.0089,0.0088,0.0089,186292
3/29/2015, 12:00:00 AM,0.0089,0.0089,0.0085,0.0085,417819
3/30/2015, 12:00:00 AM,0.0085,0.0086,0.0085,0.0085,977525
3/31/2015, 12:00:00 AM,0.0085,0.0085,0.0078,0.0078,1359970
4/1/2015, 12:00:00 AM,0.0078,0.0078,0.0076,0.0077,708058
4/2/2015, 12:00:00 AM,0.0077,0.0079,0.0077,0.0079,373395
4/3/2015, 12:00:00 AM,0.0079,0.0087,0.0079,0.0087,1010690
4/4/2015, 12:00:00 AM,0.0087,0.009,0.0087,0.0088,302715
4/5/2015, 12:00:00 AM,0.0089,0.0089,0.0087,0.0087,225068
4/6/2015, 12:00:00 AM,0.0088,0.0088,0.0087,0.0088,537916
4/7/2015, 12:00:00 AM,0.0088,0.0091,0.0088,0.0091,1145350
4/8/2015, 12:00:00 AM,0.0091,0.0093,0.0091,0.0092,940998
4/9/2015, 12:00:00 AM,0.0092,0.0092,0.0088,0.0088,701874
4/10/2015, 12:00:00 AM,0.0088,0.0088,0.0085,0.0085,494280
4/11/2015, 12:00:00 AM,0.0085,0.0085,0.0083,0.0083,255991
4/12/2015, 12:00:00 AM,0.0083,0.0087,0.0083,0.0086,199412
4/13/2015, 12:00:00 AM,0.0086,0.0086,0.0082,0.0082,372548
4/14/2015, 12:00:00 AM,0.0082,0.0083,0.0081,0.0082,636679
4/15/2015, 12:00:00 AM,0.0082,0.0082,0.0079,0.008,409098
4/16/2015, 12:00:00 AM,0.008,0.008,0.0079,0.008,246608
4/17/2015, 12:00:00 AM,0.008,0.0081,0.008,0.008,312038
4/18/2015, 12:00:00 AM,0.008,0.008,0.0079,0.0079,184595
4/19/2015, 12:00:00 AM,0.0079,0.0079,0.0078,0.0079,197022
4/20/2015, 12:00:00 AM,0.0078,0.008,0.0078,0.0079,710840
4/21/2015, 12:00:00 AM,0.0079,0.008,0.0078,0.008,678946
4/22/2015, 12:00:00 AM,0.008,0.0081,0.008,0.008,704364
4/23/2015, 12:00:00 AM,0.008,0.0081,0.008,0.008,397132
4/24/2015, 12:00:00 AM,0.008,0.0081,0.0079,0.0081,446330
4/25/2015, 12:00:00 AM,0.0081,0.0083,0.008,0.0083,211934
4/26/2015, 12:00:00 AM,0.0083,0.0083,0.0077,0.0077,493776
4/27/2015, 12:00:00 AM,0.0077,0.0079,0.0077,0.0078,779357
4/28/2015, 12:00:00 AM,0.0078,0.0078,0.0076,0.0076,569295
4/29/2015, 12:00:00 AM,0.0076,0.0079,0.0076,0.0079,549981
4/30/2015, 12:00:00 AM,0.0079,0.0081,0.0079,0.008,595106
5/1/2015, 12:00:00 AM,0.008,0.0081,0.008,0.008,663959
5/2/2015, 12:00:00 AM,0.008,0.0081,0.008,0.008,107649
5/3/2015, 12:00:00 AM,0.008,0.0081,0.008,0.0081,438453
5/4/2015, 12:00:00 AM,0.0081,0.0081,0.008,0.008,262147
5/5/2015, 12:00:00 AM,0.008,0.008,0.0079,0.0079,553536
5/6/2015, 12:00:00 AM,0.0079,0.0079,0.0078,0.0078,475466
5/7/2015, 12:00:00 AM,0.0078,0.0078,0.0075,0.0075,2231440
5/8/2015, 12:00:00 AM,0.0075,0.0075,0.0074,0.0075,369669
5/9/2015, 12:00:00 AM,0.0075,0.0077,0.0075,0.0076,179858
5/10/2015, 12:00:00 AM,0.0076,0.0076,0.0074,0.0074,575429
5/11/2015, 12:00:00 AM,0.0074,0.0074,0.0074,0.0074,456632
5/12/2015, 12:00:00 AM,0.0074,0.0074,0.0072,0.0072,973166
5/13/2015, 12:00:00 AM,0.0072,0.0072,0.0069,0.0069,897919
5/14/2015, 12:00:00 AM,0.0069,0.0069,0.0066,0.0066,622577
5/15/2015, 12:00:00 AM,0.0066,0.0067,0.0066,0.0067,243151
5/16/2015, 12:00:00 AM,0.0067,0.0067,0.0066,0.0066,63602
5/17/2015, 12:00:00 AM,0.0066,0.0066,0.0063,0.0063,350731
5/18/2015, 12:00:00 AM,0.0063,0.0063,0.0058,0.0058,1185930
5/19/2015, 12:00:00 AM,0.0058,0.0065,0.0057,0.0065,952584
5/20/2015, 12:00:00 AM,0.0065,0.0068,0.0065,0.0066,465374
5/21/2015, 12:00:00 AM,0.0066,0.0067,0.0066,0.0066,182022
5/22/2015, 12:00:00 AM,0.0066,0.0067,0.0066,0.0067,314421
5/23/2015, 12:00:00 AM,0.0066,0.0068,0.0066,0.0068,298160
5/24/2015, 12:00:00 AM,0.0068,0.0069,0.0068,0.0068,149015
5/25/2015, 12:00:00 AM,0.0068,0.007,0.0068,0.0069,315919
5/26/2015, 12:00:00 AM,0.0069,0.007,0.0068,0.0068,503514
5/27/2015, 12:00:00 AM,0.0068,0.007,0.0068,0.0069,536465
5/28/2015, 12:00:00 AM,0.0069,0.0079,0.0069,0.0079,1242990
5/29/2015, 12:00:00 AM,0.0078,0.0092,0.0078,0.0091,1949750
5/30/2015, 12:00:00 AM,0.0091,0.0091,0.0083,0.0084,487228
5/31/2015, 12:00:00 AM,0.0084,0.0085,0.0082,0.0083,248303
6/1/2015, 12:00:00 AM,0.0083,0.0083,0.0076,0.0076,777565
6/2/2015, 12:00:00 AM,0.0076,0.008,0.0074,0.008,506304
6/3/2015, 12:00:00 AM,0.008,0.0082,0.008,0.008,388480
6/4/2015, 12:00:00 AM,0.008,0.008,0.0079,0.0079,241573
6/5/2015, 12:00:00 AM,0.0079,0.008,0.0079,0.008,198828
6/6/2015, 12:00:00 AM,0.008,0.008,0.0079,0.0079,108750
6/7/2015, 12:00:00 AM,0.0079,0.008,0.0079,0.0079,100994
6/8/2015, 12:00:00 AM,0.0079,0.008,0.0079,0.008,227074
6/9/2015, 12:00:00 AM,0.008,0.008,0.008,0.008,211828
6/10/2015, 12:00:00 AM,0.008,0.008,0.008,0.008,260571
6/11/2015, 12:00:00 AM,0.008,0.008,0.008,0.008,196404
6/12/2015, 12:00:00 AM,0.008,0.0081,0.008,0.0081,138738
6/13/2015, 12:00:00 AM,0.008,0.0081,0.008,0.0081,80646
6/14/2015, 12:00:00 AM,0.0081,0.0082,0.0081,0.0082,315884
6/15/2015, 12:00:00 AM,0.0082,0.0086,0.0081,0.0086,658174
6/16/2015, 12:00:00 AM,0.0086,0.0095,0.0086,0.0094,1523530
6/17/2015, 12:00:00 AM,0.0094,0.0098,0.0094,0.0097,1050540
6/18/2015, 12:00:00 AM,0.0097,0.0103,0.0096,0.0103,1117100
6/19/2015, 12:00:00 AM,0.0103,0.0113,0.0103,0.0112,1650080
6/20/2015, 12:00:00 AM,0.0113,0.0113,0.0109,0.011,660909
6/21/2015, 12:00:00 AM,0.011,0.0111,0.0102,0.0103,564947
6/22/2015, 12:00:00 AM,0.0103,0.0106,0.0103,0.0106,623012
6/23/2015, 12:00:00 AM,0.0106,0.0107,0.0105,0.0107,487296
6/24/2015, 12:00:00 AM,0.0107,0.0111,0.0106,0.0109,662015
6/25/2015, 12:00:00 AM,0.0109,0.0111,0.0109,0.0111,328795
6/26/2015, 12:00:00 AM,0.0111,0.0113,0.011,0.0113,344441
6/27/2015, 12:00:00 AM,0.0113,0.0116,0.0113,0.0115,347201
6/28/2015, 12:00:00 AM,0.0114,0.0115,0.0113,0.0115,255832
6/29/2015, 12:00:00 AM,0.0115,0.012,0.0115,0.012,840533
6/30/2015, 12:00:00 AM,0.012,0.012,0.0113,0.0113,1028230
7/1/2015, 12:00:00 AM,0.0113,0.0114,0.011,0.0112,558248
7/2/2015, 12:00:00 AM,0.0112,0.0112,0.011,0.011,404117
7/3/2015, 12:00:00 AM,0.011,0.0111,0.011,0.0111,251150
7/4/2015, 12:00:00 AM,0.0111,0.0111,0.0108,0.0108,138329
7/5/2015, 12:00:00 AM,0.0108,0.0108,0.01,0.01,801046
7/6/2015, 12:00:00 AM,0.01,0.0102,0.0099,0.0099,928027
7/7/2015, 12:00:00 AM,0.0099,0.01,0.0095,0.0096,612402
7/8/2015, 12:00:00 AM,0.0096,0.0096,0.0094,0.0095,803026
7/9/2015, 12:00:00 AM,0.0095,0.0095,0.009,0.009,935172
7/10/2015, 12:00:00 AM,0.009,0.0094,0.0088,0.0089,1344950
7/11/2015, 12:00:00 AM,0.0089,0.0089,0.0086,0.0086,407434
7/12/2015, 12:00:00 AM,0.0086,0.0088,0.0086,0.0086,423951
7/13/2015, 12:00:00 AM,0.0086,0.0086,0.0082,0.0086,1023880
7/14/2015, 12:00:00 AM,0.0086,0.0087,0.0086,0.0086,791771
7/15/2015, 12:00:00 AM,0.0086,0.0087,0.0085,0.0085,572785
7/16/2015, 12:00:00 AM,0.0085,0.0086,0.0081,0.0081,782856
7/17/2015, 12:00:00 AM,0.0081,0.0081,0.008,0.008,299869
7/18/2015, 12:00:00 AM,0.008,0.0081,0.008,0.0081,68213
7/19/2015, 12:00:00 AM,0.0081,0.0081,0.008,0.0081,85865
7/20/2015, 12:00:00 AM,0.0081,0.0082,0.0079,0.008,285165
7/21/2015, 12:00:00 AM,0.008,0.008,0.0077,0.0077,525732
7/22/2015, 12:00:00 AM,0.0077,0.0077,0.0076,0.0076,367888
7/23/2015, 12:00:00 AM,0.0076,0.0076,0.0075,0.0075,182970
7/24/2015, 12:00:00 AM,0.0075,0.0077,0.0075,0.0077,277406
7/25/2015, 12:00:00 AM,0.0077,0.0079,0.0076,0.0079,237028
7/26/2015, 12:00:00 AM,0.0079,0.0081,0.0078,0.0081,233266
7/27/2015, 12:00:00 AM,0.0081,0.0086,0.0081,0.0086,666090
7/28/2015, 12:00:00 AM,0.0086,0.0086,0.0085,0.0085,143142
7/29/2015, 12:00:00 AM,0.0085,0.0086,0.0083,0.0085,174525
7/30/2015, 12:00:00 AM,0.0085,0.0086,0.0085,0.0085,324219
7/31/2015, 12:00:00 AM,0.0085,0.0085,0.0084,0.0084,423581
8/1/2015, 12:00:00 AM,0.0084,0.0084,0.0082,0.0082,196429
8/2/2015, 12:00:00 AM,0.0082,0.0082,0.0082,0.0082,206009
8/3/2015, 12:00:00 AM,0.0082,0.0083,0.0082,0.0083,231262
8/4/2015, 12:00:00 AM,0.0083,0.0083,0.0083,0.0083,178712
8/5/2015, 12:00:00 AM,0.0083,0.0083,0.0082,0.0082,219269
8/6/2015, 12:00:00 AM,0.0082,0.0082,0.008,0.008,375521
8/7/2015, 12:00:00 AM,0.008,0.0082,0.008,0.0082,363643
8/8/2015, 12:00:00 AM,0.0082,0.0087,0.0082,0.0085,678295
8/9/2015, 12:00:00 AM,0.0085,0.0088,0.0085,0.0088,531969
8/10/2015, 12:00:00 AM,0.0088,0.0089,0.0088,0.0088,472973
8/11/2015, 12:00:00 AM,0.0088,0.0088,0.0086,0.0086,282461
8/12/2015, 12:00:00 AM,0.0086,0.0086,0.0083,0.0083,287463
8/13/2015, 12:00:00 AM,0.0083,0.0083,0.0082,0.0082,202934
8/14/2015, 12:00:00 AM,0.0082,0.0083,0.0081,0.0083,423163
8/15/2015, 12:00:00 AM,0.0083,0.0085,0.0083,0.0084,176135
8/16/2015, 12:00:00 AM,0.0084,0.0084,0.0083,0.0083,301654
8/17/2015, 12:00:00 AM,0.0083,0.0084,0.0083,0.0083,337092
8/18/2015, 12:00:00 AM,0.0083,0.0083,0.0076,0.0076,291729
8/19/2015, 12:00:00 AM,0.0075,0.008,0.0075,0.0078,474702
8/20/2015, 12:00:00 AM,0.0078,0.0079,0.0077,0.0079,215415
8/21/2015, 12:00:00 AM,0.0079,0.0079,0.0079,0.0079,265646
8/22/2015, 12:00:00 AM,0.0079,0.0079,0.0077,0.0077,182227
8/23/2015, 12:00:00 AM,0.0077,0.0077,0.0075,0.0076,157580
8/24/2015, 12:00:00 AM,0.0076,0.0077,0.0074,0.0074,546516
8/25/2015, 12:00:00 AM,0.0074,0.0074,0.0071,0.0071,593316
8/26/2015, 12:00:00 AM,0.0071,0.0075,0.007,0.0075,196124
8/27/2015, 12:00:00 AM,0.0075,0.0076,0.0075,0.0076,202412
8/28/2015, 12:00:00 AM,0.0076,0.0076,0.0074,0.0074,414310
8/29/2015, 12:00:00 AM,0.0074,0.0078,0.0074,0.0078,365144
8/30/2015, 12:00:00 AM,0.0078,0.0081,0.0078,0.0081,408809
8/31/2015, 12:00:00 AM,0.0081,0.0081,0.0079,0.0079,635572
9/1/2015, 12:00:00 AM,0.0079,0.0079,0.0078,0.0078,401903
9/2/2015, 12:00:00 AM,0.0078,0.0078,0.0077,0.0077,398976
9/3/2015, 12:00:00 AM,0.0077,0.0077,0.0074,0.0074,322054
9/4/2015, 12:00:00 AM,0.0074,0.0074,0.0073,0.0074,472228
9/5/2015, 12:00:00 AM,0.0074,0.0079,0.0074,0.0079,856833
9/6/2015, 12:00:00 AM,0.0079,0.008,0.0078,0.0079,284050
9/7/2015, 12:00:00 AM,0.0079,0.008,0.0079,0.0079,234100
9/8/2015, 12:00:00 AM,0.0079,0.008,0.0078,0.0078,193672
9/9/2015, 12:00:00 AM,0.0078,0.0078,0.0077,0.0077,254159
9/10/2015, 12:00:00 AM,0.0077,0.0077,0.0077,0.0077,234873
9/11/2015, 12:00:00 AM,0.0077,0.0084,0.0076,0.0084,77796
9/12/2015, 12:00:00 AM,0.0085,0.0085,0.0081,0.0082,24819
9/13/2015, 12:00:00 AM,0.0082,0.0085,0.0082,0.0085,62875
9/14/2015, 12:00:00 AM,0.0085,0.0086,0.0074,0.0074,274835
9/15/2015, 12:00:00 AM,0.0074,0.0079,0.0073,0.0077,676501
9/16/2015, 12:00:00 AM,0.0077,0.0078,0.0074,0.0074,316497
9/17/2015, 12:00:00 AM,0.0074,0.0074,0.0074,0.0074,544100
9/18/2015, 12:00:00 AM,0.0074,0.0075,0.0074,0.0075,501172
9/19/2015, 12:00:00 AM,0.0075,0.0075,0.0074,0.0075,441298
9/20/2015, 12:00:00 AM,0.0075,0.0077,0.0075,0.0076,445039
9/21/2015, 12:00:00 AM,0.0076,0.0076,0.0073,0.0073,245324
9/22/2015, 12:00:00 AM,0.0072,0.0073,0.0072,0.0072,252173
9/23/2015, 12:00:00 AM,0.0072,0.0072,0.0067,0.0067,985902
9/24/2015, 12:00:00 AM,0.0067,0.0067,0.0066,0.0067,400287
9/25/2015, 12:00:00 AM,0.0067,0.0067,0.0066,0.0067,403453
9/26/2015, 12:00:00 AM,0.0067,0.0067,0.0065,0.0065,439274
9/27/2015, 12:00:00 AM,0.0065,0.0066,0.0064,0.0065,269143
9/28/2015, 12:00:00 AM,0.0065,0.0066,0.0063,0.0063,602856
9/29/2015, 12:00:00 AM,0.0063,0.0063,0.0056,0.0056,964995
9/30/2015, 12:00:00 AM,0.0056,0.0056,0.0054,0.0055,719793
10/1/2015, 12:00:00 AM,0.0055,0.0055,0.0054,0.0055,557597
10/2/2015, 12:00:00 AM,0.0055,0.0059,0.0054,0.0059,587722
10/3/2015, 12:00:00 AM,0.0059,0.0059,0.0055,0.0055,395715
10/4/2015, 12:00:00 AM,0.0055,0.0055,0.0052,0.0052,355762
10/5/2015, 12:00:00 AM,0.0052,0.0052,0.005,0.005,623667
10/6/2015, 12:00:00 AM,0.005,0.0053,0.005,0.0053,349154
10/7/2015, 12:00:00 AM,0.0053,0.0055,0.0053,0.0054,373080
10/8/2015, 12:00:00 AM,0.0054,0.0054,0.005,0.005,665310
10/9/2015, 12:00:00 AM,0.005,0.005,0.0049,0.005,851326
10/10/2015, 12:00:00 AM,0.005,0.0051,0.005,0.005,163088
10/11/2015, 12:00:00 AM,0.005,0.0052,0.005,0.0052,134555
10/12/2015, 12:00:00 AM,0.0052,0.0053,0.0052,0.0053,123326
10/13/2015, 12:00:00 AM,0.0053,0.0054,0.0053,0.0054,355659
10/14/2015, 12:00:00 AM,0.0054,0.0055,0.0054,0.0054,338407
10/15/2015, 12:00:00 AM,0.0054,0.0055,0.0054,0.0054,440929
10/16/2015, 12:00:00 AM,0.0054,0.0054,0.0054,0.0054,342598
10/17/2015, 12:00:00 AM,0.0054,0.0054,0.0052,0.0052,394980
10/18/2015, 12:00:00 AM,0.0052,0.0052,0.005,0.005,242340
10/19/2015, 12:00:00 AM,0.005,0.0051,0.005,0.005,300024
10/20/2015, 12:00:00 AM,0.005,0.0051,0.0047,0.0047,420949
10/21/2015, 12:00:00 AM,0.0047,0.0048,0.0046,0.0047,243503
10/22/2015, 12:00:00 AM,0.0047,0.0047,0.0047,0.0047,305170
10/23/2015, 12:00:00 AM,0.0047,0.0048,0.0047,0.0047,296217
10/24/2015, 12:00:00 AM,0.0047,0.0047,0.0046,0.0047,189900
10/25/2015, 12:00:00 AM,0.0047,0.0047,0.0046,0.0046,287103
10/26/2015, 12:00:00 AM,0.0046,0.0047,0.0046,0.0047,427011
10/27/2015, 12:00:00 AM,0.0047,0.0047,0.0046,0.0047,357602
10/28/2015, 12:00:00 AM,0.0047,0.0047,0.0046,0.0047,350369
10/29/2015, 12:00:00 AM,0.0047,0.0047,0.0046,0.0046,550253
10/30/2015, 12:00:00 AM,0.0046,0.0049,0.0046,0.0048,997172
10/31/2015, 12:00:00 AM,0.0048,0.0049,0.0046,0.0047,319312
11/1/2015, 12:00:00 AM,0.0047,0.0049,0.0047,0.0049,490105
11/2/2015, 12:00:00 AM,0.0049,0.0052,0.0049,0.0052,572974
11/3/2015, 12:00:00 AM,0.0052,0.0056,0.0051,0.0054,1030430
11/4/2015, 12:00:00 AM,0.0054,0.0059,0.0048,0.005,1354340
11/5/2015, 12:00:00 AM,0.005,0.005,0.0045,0.0045,1181010
11/6/2015, 12:00:00 AM,0.0045,0.0047,0.0044,0.0046,786513
11/7/2015, 12:00:00 AM,0.0046,0.0047,0.0046,0.0047,367144
11/8/2015, 12:00:00 AM,0.0047,0.0047,0.0046,0.0047,312859
11/9/2015, 12:00:00 AM,0.0047,0.0047,0.0046,0.0046,305337
11/10/2015, 12:00:00 AM,0.0046,0.0046,0.0044,0.0044,414631
11/11/2015, 12:00:00 AM,0.0044,0.0044,0.0042,0.0043,446177
11/12/2015, 12:00:00 AM,0.0043,0.0046,0.0043,0.0045,503812
11/13/2015, 12:00:00 AM,0.0045,0.0046,0.0044,0.0045,329838
11/14/2015, 12:00:00 AM,0.0045,0.0045,0.0043,0.0043,144356
11/15/2015, 12:00:00 AM,0.0043,0.0043,0.0041,0.0042,273892
11/16/2015, 12:00:00 AM,0.0042,0.0042,0.0041,0.0042,351725
11/17/2015, 12:00:00 AM,0.0042,0.0043,0.0042,0.0043,243681
11/18/2015, 12:00:00 AM,0.0043,0.0043,0.0042,0.0043,246794
11/19/2015, 12:00:00 AM,0.0043,0.0043,0.0042,0.0042,173712
11/20/2015, 12:00:00 AM,0.0042,0.0042,0.0042,0.0042,312768
11/21/2015, 12:00:00 AM,0.0042,0.0043,0.0042,0.0042,182628
11/22/2015, 12:00:00 AM,0.0043,0.0043,0.0042,0.0043,174556
11/23/2015, 12:00:00 AM,0.0043,0.0044,0.0042,0.0043,314451
11/24/2015, 12:00:00 AM,0.0043,0.0043,0.0042,0.0042,197940
11/25/2015, 12:00:00 AM,0.0042,0.0043,0.0042,0.0043,197356
11/26/2015, 12:00:00 AM,0.0043,0.0044,0.0042,0.0043,400520
11/27/2015, 12:00:00 AM,0.0043,0.0043,0.0042,0.0043,199790
11/28/2015, 12:00:00 AM,0.0043,0.0043,0.0042,0.0042,195480
11/29/2015, 12:00:00 AM,0.0042,0.0043,0.0042,0.0043,197822
11/30/2015, 12:00:00 AM,0.0043,0.0043,0.0042,0.0042,272695
12/1/2015, 12:00:00 AM,0.0042,0.0042,0.0041,0.0041,312401
12/2/2015, 12:00:00 AM,0.0041,0.0042,0.004,0.0042,328403
12/3/2015, 12:00:00 AM,0.0042,0.0043,0.0042,0.0043,139104
12/4/2015, 12:00:00 AM,0.0043,0.0048,0.0042,0.0048,930102
12/5/2015, 12:00:00 AM,0.0048,0.0053,0.0048,0.0053,716241
12/6/2015, 12:00:00 AM,0.0053,0.0054,0.0052,0.0053,1002000
12/7/2015, 12:00:00 AM,0.0053,0.0056,0.0053,0.0056,866871
12/8/2015, 12:00:00 AM,0.0056,0.0068,0.0056,0.0068,2423870
12/9/2015, 12:00:00 AM,0.0068,0.0089,0.0068,0.0085,5702470
12/10/2015, 12:00:00 AM,0.0085,0.0091,0.0084,0.0084,3223520
12/11/2015, 12:00:00 AM,0.0084,0.0085,0.0078,0.0084,3465490
12/12/2015, 12:00:00 AM,0.0085,0.0086,0.0081,0.0085,1317990
12/13/2015, 12:00:00 AM,0.0085,0.0089,0.0085,0.0088,1394050
12/14/2015, 12:00:00 AM,0.0088,0.0088,0.0076,0.0076,2433140
12/15/2015, 12:00:00 AM,0.0076,0.0076,0.0066,0.0067,4908540
12/16/2015, 12:00:00 AM,0.0067,0.0068,0.0065,0.0068,1249850
12/17/2015, 12:00:00 AM,0.0068,0.0068,0.0067,0.0067,556682
12/18/2015, 12:00:00 AM,0.0067,0.0067,0.0064,0.0064,833330
12/19/2015, 12:00:00 AM,0.0064,0.0064,0.0063,0.0063,452403
12/20/2015, 12:00:00 AM,0.0063,0.0063,0.0062,0.0062,577803
12/21/2015, 12:00:00 AM,0.0062,0.0064,0.0062,0.0063,512514
12/22/2015, 12:00:00 AM,0.0063,0.0063,0.0062,0.0062,460222
12/23/2015, 12:00:00 AM,0.0062,0.0062,0.006,0.006,364178
12/24/2015, 12:00:00 AM,0.006,0.0061,0.006,0.006,332166
12/25/2015, 12:00:00 AM,0.006,0.0065,0.006,0.0065,815998
12/26/2015, 12:00:00 AM,0.0065,0.0065,0.0062,0.0062,665210
12/27/2015, 12:00:00 AM,0.0062,0.0064,0.0061,0.0063,465856
12/28/2015, 12:00:00 AM,0.0064,0.0064,0.0063,0.0063,469583
12/29/2015, 12:00:00 AM,0.0063,0.0064,0.0062,0.0063,312612
12/30/2015, 12:00:00 AM,0.0063,0.0063,0.0062,0.0062,280345
12/31/2015, 12:00:00 AM,0.0062,0.0062,0.006,0.006,374355
1/1/2016, 12:00:00 AM,0.006,0.006,0.0059,0.006,211767
1/2/2016, 12:00:00 AM,0.006,0.0061,0.0059,0.0061,278539
1/3/2016, 12:00:00 AM,0.0061,0.0061,0.006,0.006,291723
1/4/2016, 12:00:00 AM,0.006,0.0061,0.006,0.006,310820
1/5/2016, 12:00:00 AM,0.006,0.006,0.006,0.006,381554
1/6/2016, 12:00:00 AM,0.006,0.006,0.006,0.006,316235
1/7/2016, 12:00:00 AM,0.006,0.0061,0.006,0.006,426048
1/8/2016, 12:00:00 AM,0.006,0.0061,0.0059,0.0059,288641
1/9/2016, 12:00:00 AM,0.0059,0.006,0.0059,0.006,310336
1/10/2016, 12:00:00 AM,0.006,0.006,0.0059,0.006,195011
1/11/2016, 12:00:00 AM,0.006,0.006,0.0059,0.0059,216286
1/12/2016, 12:00:00 AM,0.0059,0.0059,0.0059,0.0059,310414
1/13/2016, 12:00:00 AM,0.0058,0.0058,0.0058,0.0058,497284
1/14/2016, 12:00:00 AM,0.0058,0.0058,0.0055,0.0055,849371
1/15/2016, 12:00:00 AM,0.0055,0.0055,0.0052,0.0052,441054
1/16/2016, 12:00:00 AM,0.0052,0.0053,0.0051,0.0051,304209
1/17/2016, 12:00:00 AM,0.0051,0.0053,0.005,0.0053,473175
1/18/2016, 12:00:00 AM,0.0053,0.0054,0.0053,0.0053,514295
1/19/2016, 12:00:00 AM,0.0053,0.0053,0.0053,0.0053,226472
1/20/2016, 12:00:00 AM,0.0053,0.0054,0.0052,0.0054,722260
1/21/2016, 12:00:00 AM,0.0054,0.0054,0.0053,0.0053,344950
1/22/2016, 12:00:00 AM,0.0053,0.0053,0.0051,0.0051,355595
1/23/2016, 12:00:00 AM,0.0051,0.0052,0.0051,0.0051,310286
1/24/2016, 12:00:00 AM,0.0051,0.0052,0.0051,0.0052,341789
1/25/2016, 12:00:00 AM,0.0052,0.0052,0.0051,0.0051,412095
1/26/2016, 12:00:00 AM,0.0051,0.0055,0.0051,0.0054,904781
1/27/2016, 12:00:00 AM,0.0054,0.0066,0.0054,0.0065,2544770
1/28/2016, 12:00:00 AM,0.0065,0.0065,0.0061,0.0062,2203940
1/29/2016, 12:00:00 AM,0.0062,0.0069,0.0059,0.0068,2895430
1/30/2016, 12:00:00 AM,0.0068,0.007,0.0066,0.0066,1233320
1/31/2016, 12:00:00 AM,0.0066,0.0066,0.0064,0.0064,977856
2/1/2016, 12:00:00 AM,0.0064,0.0066,0.0064,0.0065,830380
2/2/2016, 12:00:00 AM,0.0065,0.0068,0.0065,0.0068,809854
2/3/2016, 12:00:00 AM,0.0068,0.0069,0.0068,0.0069,803366
2/4/2016, 12:00:00 AM,0.0069,0.007,0.0069,0.007,1174600
2/5/2016, 12:00:00 AM,0.007,0.0073,0.007,0.0073,1186010
2/6/2016, 12:00:00 AM,0.0073,0.0079,0.0073,0.0079,1859040
2/7/2016, 12:00:00 AM,0.0079,0.0087,0.0079,0.0083,2460140
2/8/2016, 12:00:00 AM,0.0084,0.0086,0.008,0.008,1048160
2/9/2016, 12:00:00 AM,0.008,0.008,0.0077,0.0078,866765
2/10/2016, 12:00:00 AM,0.0078,0.0079,0.0078,0.0079,668185
2/11/2016, 12:00:00 AM,0.0079,0.0079,0.0078,0.0078,565522
2/12/2016, 12:00:00 AM,0.0078,0.008,0.0077,0.008,816579
2/13/2016, 12:00:00 AM,0.008,0.0083,0.0079,0.0083,684444
2/14/2016, 12:00:00 AM,0.0083,0.0086,0.0083,0.0086,1144830
2/15/2016, 12:00:00 AM,0.0086,0.0087,0.0086,0.0086,734275
2/16/2016, 12:00:00 AM,0.0086,0.0087,0.0084,0.0085,1012220
2/17/2016, 12:00:00 AM,0.0085,0.0085,0.0081,0.0081,1556320
2/18/2016, 12:00:00 AM,0.0081,0.0081,0.0079,0.008,854073
2/19/2016, 12:00:00 AM,0.008,0.0083,0.008,0.0083,710808
2/20/2016, 12:00:00 AM,0.0083,0.0084,0.0082,0.0083,515312
2/21/2016, 12:00:00 AM,0.0083,0.0083,0.0081,0.0081,472569
2/22/2016, 12:00:00 AM,0.0081,0.0081,0.008,0.0081,607198
2/23/2016, 12:00:00 AM,0.0081,0.0081,0.008,0.008,807140
2/24/2016, 12:00:00 AM,0.008,0.0081,0.008,0.0081,473097
2/25/2016, 12:00:00 AM,0.0081,0.0081,0.008,0.008,825297
2/26/2016, 12:00:00 AM,0.008,0.0081,0.008,0.0081,579986
2/27/2016, 12:00:00 AM,0.0081,0.0081,0.008,0.008,417576
2/28/2016, 12:00:00 AM,0.008,0.008,0.0079,0.0079,570935
2/29/2016, 12:00:00 AM,0.0079,0.0079,0.0078,0.0079,689215
3/1/2016, 12:00:00 AM,0.0079,0.008,0.0079,0.008,738772
3/2/2016, 12:00:00 AM,0.008,0.0081,0.008,0.008,409388
3/3/2016, 12:00:00 AM,0.008,0.0082,0.008,0.0082,685240
3/4/2016, 12:00:00 AM,0.008,0.0082,0.008,0.0081,567974
3/5/2016, 12:00:00 AM,0.0081,0.0082,0.0078,0.0079,1148690
3/6/2016, 12:00:00 AM,0.0079,0.0079,0.0078,0.0079,569577
3/7/2016, 12:00:00 AM,0.0078,0.008,0.0078,0.0079,587059
3/8/2016, 12:00:00 AM,0.0079,0.008,0.0079,0.008,655974
3/9/2016, 12:00:00 AM,0.008,0.0081,0.0079,0.0081,396527
3/10/2016, 12:00:00 AM,0.0081,0.0082,0.0081,0.0082,1348660
3/11/2016, 12:00:00 AM,0.0082,0.0089,0.0082,0.0088,2831220
3/12/2016, 12:00:00 AM,0.0088,0.009,0.0086,0.0087,1536850
3/13/2016, 12:00:00 AM,0.0087,0.0087,0.0086,0.0086,860868
3/14/2016, 12:00:00 AM,0.0086,0.0086,0.0085,0.0085,846750
3/15/2016, 12:00:00 AM,0.0085,0.0085,0.008,0.0082,284572
3/16/2016, 12:00:00 AM,0.0082,0.0083,0.0081,0.0082,219047
3/17/2016, 12:00:00 AM,0.0082,0.0084,0.0082,0.0083,176475
3/18/2016, 12:00:00 AM,0.0083,0.0084,0.008,0.0081,229313
3/19/2016, 12:00:00 AM,0.0081,0.0082,0.0079,0.008,164010
3/20/2016, 12:00:00 AM,0.008,0.0081,0.0079,0.008,115984
3/21/2016, 12:00:00 AM,0.008,0.0081,0.0079,0.0081,79784
3/22/2016, 12:00:00 AM,0.008,0.0082,0.008,0.0081,604214
3/23/2016, 12:00:00 AM,0.0081,0.0083,0.0081,0.0083,1022850
3/24/2016, 12:00:00 AM,0.0083,0.0083,0.0082,0.0082,965196
3/25/2016, 12:00:00 AM,0.0082,0.0083,0.0082,0.0082,753671
3/26/2016, 12:00:00 AM,0.0082,0.0082,0.0081,0.0081,309664
3/27/2016, 12:00:00 AM,0.0081,0.0081,0.008,0.008,418222
3/28/2016, 12:00:00 AM,0.008,0.008,0.0075,0.0076,2114600
3/29/2016, 12:00:00 AM,0.0076,0.0076,0.0074,0.0076,1116900
3/30/2016, 12:00:00 AM,0.0076,0.0076,0.0073,0.0073,1210630
3/31/2016, 12:00:00 AM,0.0073,0.0074,0.0073,0.0074,1036210
4/1/2016, 12:00:00 AM,0.0074,0.0075,0.0074,0.0074,827273
4/2/2016, 12:00:00 AM,0.0074,0.0075,0.0074,0.0075,390399
4/3/2016, 12:00:00 AM,0.0075,0.0075,0.0075,0.0075,250112
4/4/2016, 12:00:00 AM,0.0075,0.0075,0.0075,0.0075,300359
4/5/2016, 12:00:00 AM,0.0075,0.0075,0.0075,0.0075,464037
4/6/2016, 12:00:00 AM,0.0075,0.0075,0.0073,0.0073,796790
4/7/2016, 12:00:00 AM,0.0073,0.0073,0.0069,0.0069,1450030
4/8/2016, 12:00:00 AM,0.0069,0.0069,0.0067,0.0067,859428
4/9/2016, 12:00:00 AM,0.0067,0.0067,0.0063,0.0063,1032700
4/10/2016, 12:00:00 AM,0.0063,0.0063,0.0059,0.0059,774554
4/11/2016, 12:00:00 AM,0.0059,0.0061,0.0059,0.0061,1871520
4/12/2016, 12:00:00 AM,0.0061,0.0061,0.0059,0.0059,1085670
4/13/2016, 12:00:00 AM,0.0059,0.0059,0.0057,0.0057,1384420
4/14/2016, 12:00:00 AM,0.0057,0.0064,0.0057,0.0063,192592
4/15/2016, 12:00:00 AM,0.0063,0.0065,0.0062,0.0064,156069
4/16/2016, 12:00:00 AM,0.0064,0.0065,0.0063,0.0065,70487
4/17/2016, 12:00:00 AM,0.0065,0.0066,0.0065,0.0065,54782
4/18/2016, 12:00:00 AM,0.0065,0.0072,0.0065,0.007,1066190
4/19/2016, 12:00:00 AM,0.007,0.0072,0.007,0.0071,426257
4/20/2016, 12:00:00 AM,0.0071,0.0073,0.007,0.0072,1301350
4/21/2016, 12:00:00 AM,0.0073,0.0075,0.0073,0.0074,1011580
4/22/2016, 12:00:00 AM,0.0074,0.0074,0.0073,0.0073,955674
4/23/2016, 12:00:00 AM,0.0073,0.0074,0.0073,0.0074,345650
4/24/2016, 12:00:00 AM,0.0073,0.0074,0.0072,0.0073,472274
4/25/2016, 12:00:00 AM,0.0073,0.0073,0.0072,0.0073,605219
4/26/2016, 12:00:00 AM,0.0073,0.0073,0.0071,0.0071,884879
4/27/2016, 12:00:00 AM,0.0071,0.0071,0.0067,0.0067,797081
4/28/2016, 12:00:00 AM,0.0067,0.0067,0.0067,0.0067,752872
4/29/2016, 12:00:00 AM,0.0067,0.0068,0.0067,0.0068,538253
4/30/2016, 12:00:00 AM,0.0068,0.0069,0.0068,0.0068,406123
5/1/2016, 12:00:00 AM,0.0068,0.0068,0.0068,0.0068,241733
5/2/2016, 12:00:00 AM,0.0068,0.0068,0.0067,0.0067,585826
5/3/2016, 12:00:00 AM,0.0067,0.0067,0.0066,0.0066,329125
5/4/2016, 12:00:00 AM,0.0066,0.0066,0.0063,0.0063,563556
5/5/2016, 12:00:00 AM,0.0063,0.0063,0.0062,0.0062,509188
5/6/2016, 12:00:00 AM,0.0062,0.0064,0.0062,0.0064,680334
5/7/2016, 12:00:00 AM,0.0064,0.0065,0.0064,0.0065,351537
5/8/2016, 12:00:00 AM,0.0065,0.0065,0.0064,0.0064,389914
5/9/2016, 12:00:00 AM,0.0064,0.0064,0.0064,0.0064,351209
5/10/2016, 12:00:00 AM,0.0064,0.0064,0.0063,0.0063,404295
5/11/2016, 12:00:00 AM,0.0063,0.0063,0.0062,0.0062,476708
5/12/2016, 12:00:00 AM,0.0062,0.0062,0.0062,0.0062,362896
5/13/2016, 12:00:00 AM,0.0062,0.0062,0.0061,0.0061,478095
5/14/2016, 12:00:00 AM,0.0061,0.0061,0.006,0.0061,274107
5/15/2016, 12:00:00 AM,0.0061,0.0061,0.006,0.0061,304621
5/16/2016, 12:00:00 AM,0.0061,0.0061,0.006,0.006,389621
5/17/2016, 12:00:00 AM,0.006,0.0061,0.006,0.006,319996
5/18/2016, 12:00:00 AM,0.006,0.0061,0.006,0.006,701256
5/19/2016, 12:00:00 AM,0.006,0.006,0.006,0.006,797005
5/20/2016, 12:00:00 AM,0.006,0.0061,0.006,0.0061,549413
5/21/2016, 12:00:00 AM,0.0061,0.0061,0.006,0.006,217884
5/22/2016, 12:00:00 AM,0.006,0.006,0.0059,0.0059,273758
5/23/2016, 12:00:00 AM,0.0059,0.0059,0.0059,0.0059,507430
5/24/2016, 12:00:00 AM,0.0059,0.006,0.0059,0.006,471659
5/25/2016, 12:00:00 AM,0.006,0.006,0.0058,0.0058,517124
5/26/2016, 12:00:00 AM,0.0058,0.0058,0.0056,0.0057,678744
5/27/2016, 12:00:00 AM,0.0057,0.0057,0.0057,0.0057,1073760
5/28/2016, 12:00:00 AM,0.0057,0.0057,0.0057,0.0057,889921
5/29/2016, 12:00:00 AM,0.0057,0.0057,0.0056,0.0057,829452
5/30/2016, 12:00:00 AM,0.0057,0.0058,0.0056,0.0058,476095
5/31/2016, 12:00:00 AM,0.0058,0.0058,0.0057,0.0057,847636
6/1/2016, 12:00:00 AM,0.0057,0.0058,0.0057,0.0058,1018470
6/2/2016, 12:00:00 AM,0.0058,0.0058,0.0058,0.0058,611429
6/3/2016, 12:00:00 AM,0.0058,0.0059,0.0057,0.0058,437813
6/4/2016, 12:00:00 AM,0.0058,0.0059,0.0058,0.0058,617159
6/5/2016, 12:00:00 AM,0.0058,0.0058,0.0058,0.0058,544201
6/6/2016, 12:00:00 AM,0.0058,0.0058,0.0058,0.0058,690096
6/7/2016, 12:00:00 AM,0.0058,0.0058,0.0058,0.0058,783409
6/8/2016, 12:00:00 AM,0.0058,0.0058,0.0058,0.0058,754945
6/9/2016, 12:00:00 AM,0.0058,0.0058,0.0058,0.0058,520793
6/10/2016, 12:00:00 AM,0.0058,0.0058,0.0057,0.0057,526917
6/11/2016, 12:00:00 AM,0.0057,0.0058,0.0057,0.0058,398757
6/12/2016, 12:00:00 AM,0.0058,0.0059,0.0058,0.0059,1133540
6/13/2016, 12:00:00 AM,0.0059,0.0059,0.0058,0.0058,1537720
6/14/2016, 12:00:00 AM,0.0058,0.0076,0.0058,0.0071,9904250
6/15/2016, 12:00:00 AM,0.0071,0.0072,0.0069,0.0069,3269290
6/16/2016, 12:00:00 AM,0.0069,0.0069,0.0066,0.0067,3072370
6/17/2016, 12:00:00 AM,0.0067,0.0068,0.0066,0.0067,2143830
6/18/2016, 12:00:00 AM,0.0067,0.0067,0.0065,0.0066,1190870
6/19/2016, 12:00:00 AM,0.0066,0.007,0.0066,0.0068,2413110
6/20/2016, 12:00:00 AM,0.0068,0.0069,0.0066,0.0066,1710410
6/21/2016, 12:00:00 AM,0.0066,0.0066,0.006,0.0062,3258040
6/22/2016, 12:00:00 AM,0.0062,0.0068,0.0061,0.0065,5052140
6/23/2016, 12:00:00 AM,0.0065,0.0066,0.0063,0.0064,3207640
6/24/2016, 12:00:00 AM,0.0064,0.0066,0.0064,0.0064,2408230
6/25/2016, 12:00:00 AM,0.0064,0.0065,0.0064,0.0064,1175110
6/26/2016, 12:00:00 AM,0.0064,0.0065,0.0064,0.0064,1236360
6/27/2016, 12:00:00 AM,0.0064,0.0064,0.0064,0.0064,1136160
6/28/2016, 12:00:00 AM,0.0064,0.0068,0.0064,0.0068,3149120
6/29/2016, 12:00:00 AM,0.0068,0.0069,0.0067,0.0068,2063960
6/30/2016, 12:00:00 AM,0.0068,0.007,0.0066,0.0067,1046580
7/1/2016, 12:00:00 AM,0.0067,0.0068,0.0066,0.0068,993538
7/2/2016, 12:00:00 AM,0.0068,0.0068,0.0067,0.0067,503769
7/3/2016, 12:00:00 AM,0.0067,0.0067,0.0066,0.0066,536311
7/4/2016, 12:00:00 AM,0.0066,0.0085,0.0066,0.007,875970
7/5/2016, 12:00:00 AM,0.007,0.0071,0.0067,0.0067,598865
7/6/2016, 12:00:00 AM,0.0067,0.0067,0.0067,0.0067,600195
7/7/2016, 12:00:00 AM,0.0067,0.0067,0.0065,0.0066,789693
7/8/2016, 12:00:00 AM,0.0066,0.0067,0.0066,0.0067,604076
7/9/2016, 12:00:00 AM,0.0067,0.0067,0.0066,0.0067,577447
7/10/2016, 12:00:00 AM,0.0067,0.0067,0.0066,0.0067,571047
7/11/2016, 12:00:00 AM,0.0067,0.0067,0.0065,0.0065,722627
7/12/2016, 12:00:00 AM,0.0065,0.0066,0.0064,0.0064,977958
7/13/2016, 12:00:00 AM,0.0064,0.0064,0.0064,0.0064,942245
7/14/2016, 12:00:00 AM,0.0064,0.0064,0.0064,0.0064,682894
7/15/2016, 12:00:00 AM,0.0064,0.0065,0.0064,0.0064,753167
7/16/2016, 12:00:00 AM,0.0064,0.0066,0.0064,0.0066,659904
7/17/2016, 12:00:00 AM,0.0066,0.0066,0.0065,0.0065,529265
7/18/2016, 12:00:00 AM,0.0065,0.0065,0.0065,0.0065,442793
7/19/2016, 12:00:00 AM,0.0065,0.0065,0.0064,0.0064,550843
7/20/2016, 12:00:00 AM,0.0064,0.0064,0.0064,0.0064,790117
7/21/2016, 12:00:00 AM,0.0064,0.0066,0.0064,0.0064,811193
7/22/2016, 12:00:00 AM,0.0064,0.0064,0.0063,0.0063,780192
7/23/2016, 12:00:00 AM,0.0063,0.0063,0.0063,0.0063,356569
7/24/2016, 12:00:00 AM,0.0063,0.0063,0.0062,0.0063,315687
7/25/2016, 12:00:00 AM,0.0063,0.0063,0.0062,0.0063,881632
7/26/2016, 12:00:00 AM,0.0063,0.0063,0.006,0.006,1547830
7/27/2016, 12:00:00 AM,0.006,0.006,0.006,0.006,1370090
7/28/2016, 12:00:00 AM,0.006,0.006,0.006,0.006,1264650
7/29/2016, 12:00:00 AM,0.006,0.0061,0.006,0.0061,779667
7/30/2016, 12:00:00 AM,0.0061,0.0062,0.0061,0.0061,442025
7/31/2016, 12:00:00 AM,0.0061,0.0061,0.0059,0.0059,648205
8/1/2016, 12:00:00 AM,0.0059,0.0059,0.0059,0.0059,958956
8/2/2016, 12:00:00 AM,0.0059,0.0059,0.0057,0.0057,1553690
8/3/2016, 12:00:00 AM,0.0057,0.0057,0.0056,0.0057,1570660
8/4/2016, 12:00:00 AM,0.0057,0.0058,0.0056,0.0058,1007960
8/5/2016, 12:00:00 AM,0.0058,0.0065,0.0058,0.0065,697388
8/6/2016, 12:00:00 AM,0.0065,0.0066,0.0062,0.0063,2164530
8/7/2016, 12:00:00 AM,0.0063,0.0063,0.0062,0.0062,1303100
8/8/2016, 12:00:00 AM,0.0062,0.0062,0.006,0.006,722628
8/9/2016, 12:00:00 AM,0.006,0.0062,0.006,0.0062,1105300
8/10/2016, 12:00:00 AM,0.0062,0.0062,0.0061,0.0062,865808
8/11/2016, 12:00:00 AM,0.0062,0.0062,0.0062,0.0062,407711
8/12/2016, 12:00:00 AM,0.0062,0.0062,0.0061,0.0061,646843
8/13/2016, 12:00:00 AM,0.0061,0.0061,0.0061,0.0061,602600
8/14/2016, 12:00:00 AM,0.0061,0.0061,0.006,0.006,499048
8/15/2016, 12:00:00 AM,0.006,0.0061,0.006,0.0061,488337
8/16/2016, 12:00:00 AM,0.0061,0.0062,0.006,0.0061,1249860
8/17/2016, 12:00:00 AM,0.0061,0.0062,0.0061,0.0061,1352830
8/18/2016, 12:00:00 AM,0.0061,0.0061,0.006,0.0061,1080170
8/19/2016, 12:00:00 AM,0.0061,0.0062,0.0061,0.0061,1356390
8/20/2016, 12:00:00 AM,0.0061,0.0062,0.0061,0.0061,399635
8/21/2016, 12:00:00 AM,0.0061,0.0061,0.006,0.0061,411952
8/22/2016, 12:00:00 AM,0.0061,0.0061,0.0059,0.006,686434
8/23/2016, 12:00:00 AM,0.006,0.0061,0.006,0.006,979256
8/24/2016, 12:00:00 AM,0.006,0.0061,0.006,0.0061,1118660
8/25/2016, 12:00:00 AM,0.0061,0.0061,0.006,0.0061,716326
8/26/2016, 12:00:00 AM,0.0061,0.0061,0.006,0.006,578722
8/27/2016, 12:00:00 AM,0.006,0.006,0.006,0.006,233262
8/28/2016, 12:00:00 AM,0.006,0.006,0.006,0.006,592108
8/29/2016, 12:00:00 AM,0.006,0.0061,0.0059,0.0061,1527760
8/30/2016, 12:00:00 AM,0.0061,0.0061,0.006,0.006,928043
8/31/2016, 12:00:00 AM,0.006,0.0061,0.0059,0.006,1169040
9/1/2016, 12:00:00 AM,0.006,0.006,0.006,0.006,660021
9/2/2016, 12:00:00 AM,0.006,0.006,0.006,0.006,583636
9/3/2016, 12:00:00 AM,0.006,0.006,0.0059,0.006,698318
9/4/2016, 12:00:00 AM,0.006,0.006,0.0059,0.006,800373
9/5/2016, 12:00:00 AM,0.006,0.006,0.0059,0.0059,784460
9/6/2016, 12:00:00 AM,0.0059,0.006,0.0059,0.0059,773525
9/7/2016, 12:00:00 AM,0.0059,0.0059,0.0059,0.0059,686254
9/8/2016, 12:00:00 AM,0.0059,0.0059,0.0059,0.0059,869389
9/9/2016, 12:00:00 AM,0.0059,0.0059,0.0059,0.0059,849260
9/10/2016, 12:00:00 AM,0.0059,0.0059,0.0059,0.0059,310034
9/11/2016, 12:00:00 AM,0.0059,0.0059,0.0058,0.0058,533904
9/12/2016, 12:00:00 AM,0.0058,0.0059,0.0058,0.0059,680932
9/13/2016, 12:00:00 AM,0.0059,0.0059,0.0059,0.0059,836942
9/14/2016, 12:00:00 AM,0.0059,0.006,0.0059,0.006,1048560
9/15/2016, 12:00:00 AM,0.006,0.0088,0.006,0.0083,15967600
9/16/2016, 12:00:00 AM,0.0083,0.0083,0.0072,0.0075,12342800
9/17/2016, 12:00:00 AM,0.0074,0.0075,0.007,0.007,1646260
9/18/2016, 12:00:00 AM,0.007,0.007,0.0068,0.0069,2231350
9/19/2016, 12:00:00 AM,0.0069,0.0072,0.0068,0.0069,2930120
9/20/2016, 12:00:00 AM,0.0069,0.0069,0.0068,0.0068,1365440
9/21/2016, 12:00:00 AM,0.0068,0.0069,0.0067,0.0068,1719470
9/22/2016, 12:00:00 AM,0.0068,0.007,0.0068,0.0068,1491330
9/23/2016, 12:00:00 AM,0.0069,0.0073,0.0068,0.0072,3104540
9/24/2016, 12:00:00 AM,0.0072,0.0074,0.0072,0.0074,2170050
9/25/2016, 12:00:00 AM,0.0074,0.008,0.0073,0.0079,4699860
9/26/2016, 12:00:00 AM,0.0079,0.0086,0.0079,0.008,9102940
9/27/2016, 12:00:00 AM,0.008,0.0083,0.0079,0.0082,6131430
9/28/2016, 12:00:00 AM,0.0082,0.0091,0.0082,0.0091,7558520
9/29/2016, 12:00:00 AM,0.0091,0.0091,0.0087,0.0089,5974090
9/30/2016, 12:00:00 AM,0.0089,0.0092,0.0088,0.0088,7561150
10/1/2016, 12:00:00 AM,0.0088,0.0089,0.0082,0.0082,5895530
10/2/2016, 12:00:00 AM,0.0082,0.0083,0.0081,0.0082,2072840
10/3/2016, 12:00:00 AM,0.0082,0.0082,0.0081,0.0081,2776300
10/4/2016, 12:00:00 AM,0.0081,0.0081,0.0079,0.0079,2642950
10/5/2016, 12:00:00 AM,0.0079,0.0079,0.0074,0.0074,4840340
10/6/2016, 12:00:00 AM,0.0074,0.0075,0.0073,0.0074,2826190
10/7/2016, 12:00:00 AM,0.0074,0.0075,0.0074,0.0074,3042600
10/8/2016, 12:00:00 AM,0.0074,0.0074,0.0073,0.0073,2019560
10/9/2016, 12:00:00 AM,0.0073,0.0076,0.0073,0.0075,3390900
10/10/2016, 12:00:00 AM,0.0075,0.0081,0.0075,0.008,6150610
10/11/2016, 12:00:00 AM,0.008,0.0083,0.0079,0.0082,4003630
10/12/2016, 12:00:00 AM,0.0082,0.0085,0.0079,0.008,2943130
10/13/2016, 12:00:00 AM,0.008,0.008,0.0079,0.008,1009720
10/14/2016, 12:00:00 AM,0.008,0.009,0.008,0.0088,1915430
10/15/2016, 12:00:00 AM,0.0088,0.0089,0.0081,0.0082,781979
10/16/2016, 12:00:00 AM,0.0081,0.0082,0.0081,0.0081,608355
10/17/2016, 12:00:00 AM,0.0081,0.0081,0.008,0.008,2485290
10/18/2016, 12:00:00 AM,0.008,0.0084,0.008,0.0084,3782990
10/19/2016, 12:00:00 AM,0.0084,0.0086,0.0083,0.0086,3360180
10/20/2016, 12:00:00 AM,0.0086,0.0091,0.0086,0.0091,5895540
10/21/2016, 12:00:00 AM,0.0091,0.0091,0.0089,0.009,4055710
10/22/2016, 12:00:00 AM,0.009,0.0091,0.0089,0.009,1649580
10/23/2016, 12:00:00 AM,0.009,0.0095,0.0089,0.0095,974189
10/24/2016, 12:00:00 AM,0.0094,0.0095,0.0091,0.0091,1717690
10/25/2016, 12:00:00 AM,0.0091,0.0091,0.0089,0.0089,2780690
10/26/2016, 12:00:00 AM,0.0089,0.0089,0.0088,0.0088,2969280
10/27/2016, 12:00:00 AM,0.0088,0.0089,0.0085,0.0085,4302920
10/28/2016, 12:00:00 AM,0.0085,0.0085,0.0081,0.0081,3881320
10/29/2016, 12:00:00 AM,0.0082,0.0082,0.0077,0.0077,3471390
10/30/2016, 12:00:00 AM,0.0077,0.008,0.0077,0.008,2071780
10/31/2016, 12:00:00 AM,0.008,0.0083,0.008,0.0082,2515480
11/1/2016, 12:00:00 AM,0.0082,0.0083,0.0081,0.0081,1875440
11/2/2016, 12:00:00 AM,0.0081,0.0082,0.0081,0.0082,1739300
11/3/2016, 12:00:00 AM,0.0082,0.0082,0.008,0.008,3114110
11/4/2016, 12:00:00 AM,0.008,0.0082,0.008,0.0082,2707110
11/5/2016, 12:00:00 AM,0.0082,0.0083,0.0082,0.0082,967011
11/6/2016, 12:00:00 AM,0.0082,0.0083,0.0082,0.0082,784787
11/7/2016, 12:00:00 AM,0.0082,0.0082,0.0081,0.0081,2308500
11/8/2016, 12:00:00 AM,0.0081,0.0083,0.0081,0.0082,2477080
11/9/2016, 12:00:00 AM,0.0082,0.0082,0.0081,0.0081,3575540
11/10/2016, 12:00:00 AM,0.0081,0.0081,0.008,0.0081,2600650
11/11/2016, 12:00:00 AM,0.0081,0.0082,0.0081,0.0081,2039200
11/12/2016, 12:00:00 AM,0.0081,0.0081,0.008,0.008,1708000
11/13/2016, 12:00:00 AM,0.008,0.0083,0.008,0.0083,2201990
11/14/2016, 12:00:00 AM,0.0083,0.0083,0.0081,0.0081,1283330
11/15/2016, 12:00:00 AM,0.0081,0.0081,0.0079,0.0079,3078090
11/16/2016, 12:00:00 AM,0.0079,0.0079,0.0078,0.0078,2905840
11/17/2016, 12:00:00 AM,0.0079,0.0079,0.0077,0.0077,2401030
11/18/2016, 12:00:00 AM,0.0077,0.0078,0.0077,0.0078,2487390
11/19/2016, 12:00:00 AM,0.0078,0.0078,0.0078,0.0078,1296770
11/20/2016, 12:00:00 AM,0.0078,0.0078,0.0076,0.0077,1875290
11/21/2016, 12:00:00 AM,0.0077,0.0077,0.0076,0.0076,2594010
11/22/2016, 12:00:00 AM,0.0076,0.0076,0.0074,0.0074,2400100
11/23/2016, 12:00:00 AM,0.0074,0.0074,0.007,0.0071,3730650
11/24/2016, 12:00:00 AM,0.0071,0.0071,0.0069,0.007,1845880
11/25/2016, 12:00:00 AM,0.007,0.007,0.0069,0.0069,995869
11/26/2016, 12:00:00 AM,0.0069,0.0074,0.0069,0.0074,560816
11/27/2016, 12:00:00 AM,0.0074,0.0075,0.0071,0.0071,525140
11/28/2016, 12:00:00 AM,0.0071,0.0071,0.007,0.007,1818750
11/29/2016, 12:00:00 AM,0.007,0.007,0.0068,0.0068,1551670
11/30/2016, 12:00:00 AM,0.0068,0.0068,0.0067,0.0067,1495310
12/1/2016, 12:00:00 AM,0.0067,0.0067,0.0067,0.0067,1142000
12/2/2016, 12:00:00 AM,0.0067,0.0069,0.0066,0.0067,1756030
12/3/2016, 12:00:00 AM,0.0067,0.0069,0.0066,0.0066,1213480
12/4/2016, 12:00:00 AM,0.0066,0.0066,0.0065,0.0065,1167110
12/5/2016, 12:00:00 AM,0.0065,0.0068,0.0064,0.0064,867666
12/6/2016, 12:00:00 AM,0.0064,0.0067,0.0064,0.0067,1396500
12/7/2016, 12:00:00 AM,0.0067,0.0069,0.0066,0.0069,2805260
12/8/2016, 12:00:00 AM,0.0069,0.0072,0.0068,0.0071,2789540
12/9/2016, 12:00:00 AM,0.0071,0.0072,0.007,0.0071,2421860
12/10/2016, 12:00:00 AM,0.0071,0.0072,0.0068,0.0068,1297860
12/11/2016, 12:00:00 AM,0.0068,0.007,0.0067,0.0067,978511
12/12/2016, 12:00:00 AM,0.0067,0.0068,0.0067,0.0068,1449640
12/13/2016, 12:00:00 AM,0.0068,0.0068,0.0067,0.0067,1946660
12/14/2016, 12:00:00 AM,0.0067,0.0068,0.0067,0.0067,2002770
12/15/2016, 12:00:00 AM,0.0067,0.0067,0.0066,0.0067,1050570
12/16/2016, 12:00:00 AM,0.0067,0.0068,0.0067,0.0067,2575390
12/17/2016, 12:00:00 AM,0.0067,0.0067,0.0065,0.0065,1838990
12/18/2016, 12:00:00 AM,0.0065,0.0066,0.0065,0.0066,1194400
12/19/2016, 12:00:00 AM,0.0066,0.0066,0.0065,0.0065,1109670
12/20/2016, 12:00:00 AM,0.0065,0.0065,0.0065,0.0065,2284690
12/21/2016, 12:00:00 AM,0.0065,0.0065,0.0064,0.0065,2300840
12/22/2016, 12:00:00 AM,0.0065,0.0065,0.0063,0.0064,2897110
12/23/2016, 12:00:00 AM,0.0064,0.0064,0.0063,0.0063,3514540
12/24/2016, 12:00:00 AM,0.0063,0.0064,0.0062,0.0064,2495670
12/25/2016, 12:00:00 AM,0.0064,0.0065,0.0063,0.0064,2188780
12/26/2016, 12:00:00 AM,0.0064,0.0065,0.0063,0.0063,1640840
12/27/2016, 12:00:00 AM,0.0063,0.0063,0.0062,0.0062,2471000
12/28/2016, 12:00:00 AM,0.0062,0.0063,0.0061,0.0062,2064130
12/29/2016, 12:00:00 AM,0.0062,0.0064,0.0062,0.0063,1345050
12/30/2016, 12:00:00 AM,0.0064,0.0065,0.0063,0.0064,1379470
12/31/2016, 12:00:00 AM,0.0064,0.0065,0.0064,0.0065,272884
1/1/2017, 12:00:00 AM,0.0065,0.0067,0.0063,0.0064,418978
1/2/2017, 12:00:00 AM,0.0064,0.0064,0.0063,0.0063,1046250
1/3/2017, 12:00:00 AM,0.0063,0.0064,0.0063,0.0064,1014830
1/4/2017, 12:00:00 AM,0.0064,0.0067,0.0064,0.0066,1642730
1/5/2017, 12:00:00 AM,0.0066,0.0066,0.006,0.0062,4058170
1/6/2017, 12:00:00 AM,0.0062,0.0064,0.0061,0.0063,1746150
1/7/2017, 12:00:00 AM,0.0064,0.0064,0.0061,0.0064,1351030
1/8/2017, 12:00:00 AM,0.0064,0.0064,0.0062,0.0062,554133
1/9/2017, 12:00:00 AM,0.0062,0.0063,0.0061,0.0062,702255
1/10/2017, 12:00:00 AM,0.0062,0.0068,0.0062,0.0067,2510530
1/11/2017, 12:00:00 AM,0.0067,0.0067,0.0063,0.0064,3436270
1/12/2017, 12:00:00 AM,0.0064,0.0069,0.0064,0.0064,5013190
1/13/2017, 12:00:00 AM,0.0064,0.0067,0.0064,0.0066,2059340
1/14/2017, 12:00:00 AM,0.0066,0.0069,0.0066,0.0069,1307810
1/15/2017, 12:00:00 AM,0.0069,0.0069,0.0067,0.0067,780822
1/16/2017, 12:00:00 AM,0.0068,0.0068,0.0067,0.0068,699284
1/17/2017, 12:00:00 AM,0.0068,0.0069,0.0066,0.0068,1842150
1/18/2017, 12:00:00 AM,0.0068,0.0071,0.0067,0.0067,1342730
1/19/2017, 12:00:00 AM,0.0067,0.007,0.0067,0.007,760684
1/20/2017, 12:00:00 AM,0.007,0.0072,0.0066,0.0067,620052
1/21/2017, 12:00:00 AM,0.0067,0.0068,0.0067,0.0067,553724
1/22/2017, 12:00:00 AM,0.0067,0.0068,0.0067,0.0067,362422
1/23/2017, 12:00:00 AM,0.0067,0.0067,0.0067,0.0067,309838
1/24/2017, 12:00:00 AM,0.0067,0.0067,0.0065,0.0065,509262
1/25/2017, 12:00:00 AM,0.0065,0.0066,0.0065,0.0065,522497
1/26/2017, 12:00:00 AM,0.0065,0.0071,0.0064,0.0067,1446950
1/27/2017, 12:00:00 AM,0.0067,0.0068,0.0063,0.0064,924745
1/28/2017, 12:00:00 AM,0.0064,0.0064,0.0063,0.0063,241491
1/29/2017, 12:00:00 AM,0.0064,0.0065,0.0063,0.0064,325176
1/30/2017, 12:00:00 AM,0.0064,0.0065,0.0064,0.0064,391822
1/31/2017, 12:00:00 AM,0.0064,0.0064,0.0063,0.0063,661444
2/1/2017, 12:00:00 AM,0.0063,0.0066,0.0063,0.0065,1836820
2/2/2017, 12:00:00 AM,0.0065,0.0066,0.0064,0.0065,670888
2/3/2017, 12:00:00 AM,0.0065,0.0065,0.0064,0.0065,548263
2/4/2017, 12:00:00 AM,0.0065,0.0065,0.0064,0.0065,314187
2/5/2017, 12:00:00 AM,0.0065,0.0066,0.0064,0.0064,367001
2/6/2017, 12:00:00 AM,0.0064,0.0065,0.0064,0.0065,386766
2/7/2017, 12:00:00 AM,0.0064,0.0065,0.0064,0.0064,945440
2/8/2017, 12:00:00 AM,0.0064,0.0078,0.0064,0.0064,860217
2/9/2017, 12:00:00 AM,0.0064,0.0065,0.0062,0.0064,1700680
2/10/2017, 12:00:00 AM,0.0064,0.0067,0.0062,0.0063,808768
2/11/2017, 12:00:00 AM,0.0063,0.0064,0.0063,0.0063,334607
2/12/2017, 12:00:00 AM,0.0063,0.0064,0.0063,0.0063,230479
2/13/2017, 12:00:00 AM,0.0063,0.0063,0.0062,0.0063,462843
2/14/2017, 12:00:00 AM,0.0062,0.0064,0.0062,0.0063,671150
2/15/2017, 12:00:00 AM,0.0063,0.0063,0.0061,0.0062,813299
2/16/2017, 12:00:00 AM,0.0061,0.0062,0.006,0.006,1355840
2/17/2017, 12:00:00 AM,0.0059,0.0061,0.0059,0.0059,1160600
2/18/2017, 12:00:00 AM,0.006,0.006,0.0054,0.0056,1866850
2/19/2017, 12:00:00 AM,0.0056,0.0059,0.0056,0.0059,896856
2/20/2017, 12:00:00 AM,0.0059,0.006,0.0057,0.0059,880117
2/21/2017, 12:00:00 AM,0.0059,0.0059,0.0057,0.0058,653081
2/22/2017, 12:00:00 AM,0.0059,0.0059,0.0058,0.0059,500712
2/23/2017, 12:00:00 AM,0.0059,0.0059,0.0058,0.0059,750533
2/24/2017, 12:00:00 AM,0.0059,0.0059,0.0056,0.0057,1343690
2/25/2017, 12:00:00 AM,0.0057,0.0057,0.0056,0.0057,684577
2/26/2017, 12:00:00 AM,0.0057,0.0057,0.0057,0.0057,258373
2/27/2017, 12:00:00 AM,0.0057,0.0057,0.0056,0.0056,641126
2/28/2017, 12:00:00 AM,0.0056,0.0056,0.0054,0.0055,1693350
3/1/2017, 12:00:00 AM,0.0055,0.0056,0.0054,0.0054,1630460
3/2/2017, 12:00:00 AM,0.0054,0.0062,0.0054,0.006,3811500
3/3/2017, 12:00:00 AM,0.006,0.0064,0.006,0.0063,2703850
3/4/2017, 12:00:00 AM,0.0064,0.0065,0.0063,0.0063,1372440
3/5/2017, 12:00:00 AM,0.0063,0.0064,0.0061,0.0061,1044760
3/6/2017, 12:00:00 AM,0.0061,0.0062,0.0061,0.0061,1023500
3/7/2017, 12:00:00 AM,0.0061,0.0066,0.006,0.0065,2901920
3/8/2017, 12:00:00 AM,0.0066,0.0068,0.0064,0.0065,3432500
3/9/2017, 12:00:00 AM,0.0065,0.0066,0.0064,0.0065,2064660
3/10/2017, 12:00:00 AM,0.0065,0.0066,0.0061,0.0062,3144440
3/11/2017, 12:00:00 AM,0.0062,0.0064,0.0061,0.0062,1818590
3/12/2017, 12:00:00 AM,0.0062,0.0063,0.0061,0.0063,1531030
3/13/2017, 12:00:00 AM,0.0063,0.0064,0.0062,0.0064,2561890
3/14/2017, 12:00:00 AM,0.0064,0.0064,0.0063,0.0064,1358830
3/15/2017, 12:00:00 AM,0.0064,0.0065,0.0063,0.0063,1376090
3/16/2017, 12:00:00 AM,0.0063,0.0064,0.0062,0.0064,3860210
3/17/2017, 12:00:00 AM,0.0064,0.0064,0.006,0.0061,3442010
3/18/2017, 12:00:00 AM,0.0061,0.0074,0.0061,0.0067,7223300
3/19/2017, 12:00:00 AM,0.0067,0.0072,0.0066,0.0069,4241970
3/20/2017, 12:00:00 AM,0.0069,0.0071,0.0068,0.007,3423710
3/21/2017, 12:00:00 AM,0.007,0.0071,0.0068,0.0069,3021440
3/22/2017, 12:00:00 AM,0.0069,0.0075,0.0069,0.0073,4652530
3/23/2017, 12:00:00 AM,0.0073,0.0106,0.0073,0.0106,12315100
3/24/2017, 12:00:00 AM,0.0105,0.0108,0.0091,0.0105,24493700
3/25/2017, 12:00:00 AM,0.0105,0.0107,0.009,0.0091,11334900
3/26/2017, 12:00:00 AM,0.0092,0.0098,0.0091,0.0095,5475230
3/27/2017, 12:00:00 AM,0.0095,0.0101,0.0092,0.0096,6336150
3/28/2017, 12:00:00 AM,0.0096,0.0096,0.0093,0.0095,3111280
3/29/2017, 12:00:00 AM,0.0095,0.0101,0.0095,0.0101,3344230
3/30/2017, 12:00:00 AM,0.0101,0.0141,0.0101,0.0133,19821800
3/31/2017, 12:00:00 AM,0.0131,0.0218,0.0131,0.0209,72699400
4/1/2017, 12:00:00 AM,0.0217,0.0228,0.0197,0.0219,30657700
4/2/2017, 12:00:00 AM,0.0219,0.0714,0.0217,0.0612,230622000
4/3/2017, 12:00:00 AM,0.0603,0.0616,0.0275,0.033,155550000
4/4/2017, 12:00:00 AM,0.033,0.0407,0.0283,0.0375,78538096
4/5/2017, 12:00:00 AM,0.0374,0.0402,0.0352,0.0355,42360300
4/6/2017, 12:00:00 AM,0.0357,0.0368,0.0295,0.0327,48264600
4/7/2017, 12:00:00 AM,0.0327,0.0369,0.0308,0.0363,36825000
4/8/2017, 12:00:00 AM,0.0364,0.0369,0.0349,0.0359,14782600
4/9/2017, 12:00:00 AM,0.0358,0.0358,0.0323,0.034,15695600
4/10/2017, 12:00:00 AM,0.0341,0.0351,0.0328,0.0336,12012700
4/11/2017, 12:00:00 AM,0.0337,0.0346,0.032,0.033,11301000
4/12/2017, 12:00:00 AM,0.033,0.0348,0.0325,0.0343,13437000
4/13/2017, 12:00:00 AM,0.0345,0.0356,0.0335,0.0344,15872400
4/14/2017, 12:00:00 AM,0.0343,0.0351,0.033,0.0338,8869300
4/15/2017, 12:00:00 AM,0.0335,0.0343,0.0333,0.034,4972610
4/16/2017, 12:00:00 AM,0.0339,0.034,0.0332,0.0335,5980280
4/17/2017, 12:00:00 AM,0.0334,0.0341,0.033,0.0337,7933260
4/18/2017, 12:00:00 AM,0.0336,0.034,0.0329,0.0332,8970210
4/19/2017, 12:00:00 AM,0.0332,0.0334,0.0297,0.0302,13265600
4/20/2017, 12:00:00 AM,0.0303,0.0306,0.0275,0.03,25650400
4/21/2017, 12:00:00 AM,0.0297,0.034,0.0292,0.0328,28245700
4/22/2017, 12:00:00 AM,0.0331,0.0333,0.0314,0.0318,9020550
4/23/2017, 12:00:00 AM,0.0319,0.032,0.0307,0.0313,4976320
4/24/2017, 12:00:00 AM,0.0312,0.0314,0.0307,0.0314,6333250
4/25/2017, 12:00:00 AM,0.0314,0.0338,0.0313,0.0324,13469200
4/26/2017, 12:00:00 AM,0.0324,0.0335,0.0322,0.0328,11921700
4/27/2017, 12:00:00 AM,0.0328,0.0354,0.0322,0.0348,16661600
4/28/2017, 12:00:00 AM,0.0348,0.0451,0.0348,0.0445,81121600
4/29/2017, 12:00:00 AM,0.0446,0.0577,0.0446,0.0529,114359000
4/30/2017, 12:00:00 AM,0.0528,0.0547,0.0496,0.0516,41974200
5/1/2017, 12:00:00 AM,0.0516,0.0578,0.0493,0.0551,61730100
5/2/2017, 12:00:00 AM,0.0547,0.0556,0.0507,0.0539,33814700
5/3/2017, 12:00:00 AM,0.0539,0.0614,0.0523,0.0605,42869000
5/4/2017, 12:00:00 AM,0.0611,0.0855,0.0593,0.0789,153374000
5/5/2017, 12:00:00 AM,0.0802,0.1069,0.0787,0.0936,184430000
5/6/2017, 12:00:00 AM,0.0934,0.1061,0.0934,0.1018,88394200
5/7/2017, 12:00:00 AM,0.1019,0.1483,0.0989,0.1418,249028992
5/8/2017, 12:00:00 AM,0.1416,0.2376,0.1351,0.1982,402611008
5/9/2017, 12:00:00 AM,0.1992,0.2169,0.1344,0.1601,214002000
5/10/2017, 12:00:00 AM,0.1585,0.2012,0.1564,0.1861,138792000
5/11/2017, 12:00:00 AM,0.185,0.1948,0.1624,0.1831,103699000
5/12/2017, 12:00:00 AM,0.1828,0.2095,0.181,0.2061,123635000
5/13/2017, 12:00:00 AM,0.2067,0.2236,0.187,0.2149,117101000
5/14/2017, 12:00:00 AM,0.2152,0.2235,0.2112,0.2202,69732000
5/15/2017, 12:00:00 AM,0.2201,0.2707,0.2201,0.2707,223923008
5/16/2017, 12:00:00 AM,0.2698,0.3499,0.2698,0.3499,440881984
5/17/2017, 12:00:00 AM,0.3551,0.4352,0.3264,0.3941,470974016
5/18/2017, 12:00:00 AM,0.3949,0.408,0.3311,0.3649,237644000
5/19/2017, 12:00:00 AM,0.3635,0.3635,0.3008,0.3278,269894016
5/20/2017, 12:00:00 AM,0.3286,0.3704,0.3039,0.3516,237792000
5/21/2017, 12:00:00 AM,0.3532,0.3676,0.3322,0.3362,129765000
5/22/2017, 12:00:00 AM,0.3384,0.3454,0.2701,0.318,265699008
5/23/2017, 12:00:00 AM,0.3134,0.354,0.2919,0.3234,153050000
5/24/2017, 12:00:00 AM,0.3251,0.3574,0.293,0.2959,166168000
5/25/2017, 12:00:00 AM,0.2918,0.3035,0.2383,0.2461,237804992
5/26/2017, 12:00:00 AM,0.2451,0.3278,0.2451,0.2718,253935008
5/27/2017, 12:00:00 AM,0.2727,0.2834,0.1623,0.2126,255532000
5/28/2017, 12:00:00 AM,0.2129,0.2424,0.2047,0.2296,122253000
5/29/2017, 12:00:00 AM,0.2272,0.2428,0.2148,0.2321,86555600
5/30/2017, 12:00:00 AM,0.2322,0.2374,0.2053,0.2053,92808704
5/31/2017, 12:00:00 AM,0.2054,0.2477,0.1938,0.2466,160620000
6/1/2017, 12:00:00 AM,0.244,0.3368,0.244,0.3337,588819008
6/2/2017, 12:00:00 AM,0.3337,0.3358,0.2907,0.3035,293676992
6/3/2017, 12:00:00 AM,0.3005,0.3109,0.2776,0.2946,155454000
6/4/2017, 12:00:00 AM,0.2984,0.3139,0.2772,0.2994,153488000
6/5/2017, 12:00:00 AM,0.2999,0.3024,0.2846,0.294,78433504
6/6/2017, 12:00:00 AM,0.294,0.2945,0.2763,0.2846,132720000
6/7/2017, 12:00:00 AM,0.2847,0.2984,0.2789,0.2798,145839008
6/8/2017, 12:00:00 AM,0.2809,0.2986,0.2764,0.2897,103152000
6/9/2017, 12:00:00 AM,0.2897,0.2995,0.2859,0.286,102482000
6/10/2017, 12:00:00 AM,0.2858,0.289,0.2579,0.2609,156720992
6/11/2017, 12:00:00 AM,0.2594,0.2777,0.2591,0.2728,114566000
6/12/2017, 12:00:00 AM,0.2731,0.2833,0.2475,0.254,149942000
6/13/2017, 12:00:00 AM,0.2538,0.2747,0.2522,0.2662,111937000
6/14/2017, 12:00:00 AM,0.2658,0.3079,0.2632,0.2785,431096000
6/15/2017, 12:00:00 AM,0.2782,0.2789,0.2409,0.2593,191548000
6/16/2017, 12:00:00 AM,0.2595,0.2662,0.2524,0.2621,88152400
6/17/2017, 12:00:00 AM,0.2624,0.2707,0.2581,0.2684,121948000
6/18/2017, 12:00:00 AM,0.2681,0.2895,0.2651,0.2846,232512000
6/19/2017, 12:00:00 AM,0.284,0.2961,0.2802,0.2961,164955008
6/20/2017, 12:00:00 AM,0.2922,0.3395,0.2902,0.3244,793609984
6/21/2017, 12:00:00 AM,0.3246,0.3278,0.2836,0.2964,358492992
6/22/2017, 12:00:00 AM,0.2999,0.3059,0.2915,0.2979,194551008
6/23/2017, 12:00:00 AM,0.2977,0.3208,0.2956,0.32,177220992
6/24/2017, 12:00:00 AM,0.3192,0.3271,0.3065,0.3111,313710016
6/25/2017, 12:00:00 AM,0.3108,0.3112,0.2892,0.2984,158844992
6/26/2017, 12:00:00 AM,0.2988,0.302,0.2608,0.2773,280100000
6/27/2017, 12:00:00 AM,0.2773,0.2788,0.2511,0.2763,186951008
6/28/2017, 12:00:00 AM,0.2754,0.2815,0.2678,0.2805,126278000
6/29/2017, 12:00:00 AM,0.2806,0.2809,0.2642,0.2654,89745296
6/30/2017, 12:00:00 AM,0.2661,0.2692,0.2622,0.2629,67764496
7/1/2017, 12:00:00 AM,0.2629,0.2631,0.253,0.2547,53611000
7/2/2017, 12:00:00 AM,0.2545,0.26,0.2509,0.2595,54095000
7/3/2017, 12:00:00 AM,0.259,0.2624,0.2557,0.26,60367800
7/4/2017, 12:00:00 AM,0.2598,0.2623,0.2544,0.2547,56008900
7/5/2017, 12:00:00 AM,0.2551,0.2617,0.2543,0.2565,73292096
7/6/2017, 12:00:00 AM,0.2564,0.2572,0.2533,0.2546,43845800
7/7/2017, 12:00:00 AM,0.2549,0.2554,0.2389,0.2395,88408000
7/8/2017, 12:00:00 AM,0.2397,0.2397,0.2218,0.2361,124578000
7/9/2017, 12:00:00 AM,0.2369,0.2485,0.2334,0.2334,82755000
7/10/2017, 12:00:00 AM,0.2341,0.2341,0.1854,0.2032,119367000
7/11/2017, 12:00:00 AM,0.1964,0.2033,0.1683,0.185,271415008
7/12/2017, 12:00:00 AM,0.1842,0.2059,0.1772,0.2054,153023008
7/13/2017, 12:00:00 AM,0.2059,0.2305,0.1934,0.2008,216750000
7/14/2017, 12:00:00 AM,0.2008,0.2012,0.1834,0.1908,97037600
7/15/2017, 12:00:00 AM,0.191,0.1912,0.1671,0.1706,131779000
7/16/2017, 12:00:00 AM,0.1695,0.1726,0.1198,0.1481,257944000
7/17/2017, 12:00:00 AM,0.1502,0.1796,0.1414,0.1779,312684992
7/18/2017, 12:00:00 AM,0.1797,0.1958,0.166,0.1887,295840992
7/19/2017, 12:00:00 AM,0.1885,0.1885,0.1582,0.1684,147778000
7/20/2017, 12:00:00 AM,0.17,0.1929,0.1677,0.1883,183292000
7/21/2017, 12:00:00 AM,0.1894,0.1907,0.1811,0.1826,104722000
7/22/2017, 12:00:00 AM,0.1822,0.195,0.1815,0.1933,83913800
7/23/2017, 12:00:00 AM,0.1936,0.2041,0.1887,0.1951,195682000
7/24/2017, 12:00:00 AM,0.195,0.1953,0.1898,0.192,56632800
7/25/2017, 12:00:00 AM,0.1923,0.1927,0.1698,0.1781,166807008
7/26/2017, 12:00:00 AM,0.1776,0.1809,0.1691,0.1738,76584600
7/27/2017, 12:00:00 AM,0.1752,0.1766,0.172,0.1735,34575100
7/28/2017, 12:00:00 AM,0.1732,0.1741,0.1622,0.1659,74649800
7/29/2017, 12:00:00 AM,0.1652,0.1716,0.1555,0.1699,80897000
7/30/2017, 12:00:00 AM,0.1695,0.1704,0.1641,0.1651,40621700
7/31/2017, 12:00:00 AM,0.1651,0.1695,0.162,0.1674,57273800
8/1/2017, 12:00:00 AM,0.168,0.1783,0.1661,0.1771,119957000
8/2/2017, 12:00:00 AM,0.1775,0.1797,0.1716,0.1731,53441400
8/3/2017, 12:00:00 AM,0.1732,0.176,0.1717,0.1746,31479000
8/4/2017, 12:00:00 AM,0.1746,0.1761,0.1722,0.1737,45170000
8/5/2017, 12:00:00 AM,0.1739,0.1878,0.1733,0.1847,114270000
8/6/2017, 12:00:00 AM,0.1854,0.1895,0.1803,0.1804,74161600
8/7/2017, 12:00:00 AM,0.1797,0.1819,0.1776,0.179,58052100
8/8/2017, 12:00:00 AM,0.1796,0.1944,0.1785,0.1926,180028000
8/9/2017, 12:00:00 AM,0.1925,0.1929,0.1806,0.183,97805400
8/10/2017, 12:00:00 AM,0.1832,0.1835,0.18,0.1804,48162800
8/11/2017, 12:00:00 AM,0.1802,0.1826,0.1776,0.1793,54059700
8/12/2017, 12:00:00 AM,0.1792,0.1826,0.1732,0.1739,65229300
8/13/2017, 12:00:00 AM,0.1736,0.1742,0.1626,0.1681,110199000
8/14/2017, 12:00:00 AM,0.1684,0.1801,0.1653,0.17,84388304
8/15/2017, 12:00:00 AM,0.1698,0.1698,0.1582,0.1612,100614000
8/16/2017, 12:00:00 AM,0.1612,0.1617,0.1531,0.1604,107920000
8/17/2017, 12:00:00 AM,0.1608,0.161,0.1559,0.1575,56084300
8/18/2017, 12:00:00 AM,0.1571,0.1687,0.1542,0.1589,146539008
8/19/2017, 12:00:00 AM,0.1596,0.1624,0.1523,0.1551,87062096
8/20/2017, 12:00:00 AM,0.1546,0.1612,0.1534,0.1587,68542800
8/21/2017, 12:00:00 AM,0.1584,0.2057,0.1549,0.1919,447088992
8/22/2017, 12:00:00 AM,0.195,0.2547,0.1715,0.2393,1450040064
8/23/2017, 12:00:00 AM,0.241,0.2977,0.22,0.2468,1770400000
8/24/2017, 12:00:00 AM,0.2524,0.2888,0.2125,0.219,1342360064
8/25/2017, 12:00:00 AM,0.2172,0.2322,0.203,0.2178,504484000
8/26/2017, 12:00:00 AM,0.2183,0.2291,0.2103,0.2126,184120992
8/27/2017, 12:00:00 AM,0.2126,0.2126,0.1977,0.203,193971008
8/28/2017, 12:00:00 AM,0.2034,0.2363,0.1966,0.2245,542467968
8/29/2017, 12:00:00 AM,0.224,0.2259,0.2149,0.2186,269769984
8/30/2017, 12:00:00 AM,0.2189,0.2298,0.2175,0.228,181186000
8/31/2017, 12:00:00 AM,0.2276,0.261,0.2259,0.2556,432574016
9/1/2017, 12:00:00 AM,0.2558,0.2562,0.2438,0.2485,283576000
9/2/2017, 12:00:00 AM,0.2494,0.2497,0.2178,0.2267,329928000
9/3/2017, 12:00:00 AM,0.2272,0.2364,0.2187,0.2288,186526000
9/4/2017, 12:00:00 AM,0.2288,0.2288,0.196,0.205,239612992
9/5/2017, 12:00:00 AM,0.2051,0.2187,0.1902,0.2152,242636000
9/6/2017, 12:00:00 AM,0.215,0.2269,0.2148,0.2262,163296992
9/7/2017, 12:00:00 AM,0.2264,0.2272,0.2196,0.2236,103080000
9/8/2017, 12:00:00 AM,0.2236,0.2243,0.2061,0.2115,151328992
9/9/2017, 12:00:00 AM,0.2113,0.2119,0.2064,0.21,51185500
9/10/2017, 12:00:00 AM,0.2096,0.2165,0.1976,0.213,117091000
9/11/2017, 12:00:00 AM,0.2125,0.2201,0.2104,0.2144,138339008
9/12/2017, 12:00:00 AM,0.2149,0.2206,0.2076,0.2093,94519504
9/13/2017, 12:00:00 AM,0.2096,0.2097,0.1962,0.2008,105471000
9/14/2017, 12:00:00 AM,0.2004,0.202,0.1642,0.1642,152532992
9/15/2017, 12:00:00 AM,0.165,0.1892,0.151,0.1814,289414016
9/16/2017, 12:00:00 AM,0.1819,0.1874,0.1723,0.1791,84495200
9/17/2017, 12:00:00 AM,0.1784,0.1811,0.171,0.1784,49161100
9/18/2017, 12:00:00 AM,0.1783,0.19,0.1783,0.1898,88397904
9/19/2017, 12:00:00 AM,0.1898,0.1907,0.1813,0.184,54046100
9/20/2017, 12:00:00 AM,0.1837,0.1862,0.1803,0.1821,34521600
9/21/2017, 12:00:00 AM,0.181,0.1821,0.1712,0.1718,43583200
9/22/2017, 12:00:00 AM,0.1716,0.1759,0.1693,0.1735,37244700
9/23/2017, 12:00:00 AM,0.1734,0.1787,0.1715,0.1779,32476700
9/24/2017, 12:00:00 AM,0.1782,0.1789,0.1742,0.1758,20566500
9/25/2017, 12:00:00 AM,0.1755,0.1837,0.1749,0.1815,35622600
9/26/2017, 12:00:00 AM,0.182,0.1913,0.1801,0.1861,70000704
9/27/2017, 12:00:00 AM,0.1853,0.2077,0.1851,0.2033,249934000
9/28/2017, 12:00:00 AM,0.2025,0.2033,0.1913,0.1961,117962000
9/29/2017, 12:00:00 AM,0.1961,0.1962,0.1872,0.1936,72291200
9/30/2017, 12:00:00 AM,0.1938,0.1998,0.1935,0.1975,54729300
10/1/2017, 12:00:00 AM,0.1976,0.2072,0.1962,0.2065,51345500
10/2/2017, 12:00:00 AM,0.2061,0.2066,0.1994,0.2027,77412304
10/3/2017, 12:00:00 AM,0.2032,0.2048,0.1987,0.2033,48703100
10/4/2017, 12:00:00 AM,0.2032,0.217,0.2027,0.2148,123573000
10/5/2017, 12:00:00 AM,0.2156,0.241,0.2156,0.237,404299008
10/6/2017, 12:00:00 AM,0.2377,0.2424,0.2335,0.234,167492000
10/7/2017, 12:00:00 AM,0.234,0.2393,0.2335,0.2386,77950200
10/8/2017, 12:00:00 AM,0.2383,0.2799,0.2375,0.2799,529838016
10/9/2017, 12:00:00 AM,0.2788,0.2788,0.2404,0.2518,610110016
10/10/2017, 12:00:00 AM,0.2528,0.2666,0.2412,0.2607,384048992
10/11/2017, 12:00:00 AM,0.2607,0.2678,0.2591,0.2644,161206000
10/12/2017, 12:00:00 AM,0.2651,0.2675,0.2484,0.2484,245004000
10/13/2017, 12:00:00 AM,0.2483,0.2643,0.2389,0.2605,398688992
10/14/2017, 12:00:00 AM,0.2612,0.2677,0.2573,0.2573,211160000
10/15/2017, 12:00:00 AM,0.2575,0.2684,0.2491,0.264,280211008
10/16/2017, 12:00:00 AM,0.2634,0.2914,0.249,0.2562,963158016
10/17/2017, 12:00:00 AM,0.2561,0.2632,0.2229,0.2321,411264992
10/18/2017, 12:00:00 AM,0.2312,0.2382,0.2073,0.2185,354224992
10/19/2017, 12:00:00 AM,0.2182,0.2318,0.2083,0.2152,304542016
10/20/2017, 12:00:00 AM,0.2151,0.2238,0.2088,0.2106,182704000
10/21/2017, 12:00:00 AM,0.2102,0.2124,0.2008,0.211,116807000
10/22/2017, 12:00:00 AM,0.211,0.2119,0.2007,0.2042,75849504
10/23/2017, 12:00:00 AM,0.2035,0.2039,0.1907,0.1969,99914800
10/24/2017, 12:00:00 AM,0.1956,0.2175,0.1905,0.2066,220080992
10/25/2017, 12:00:00 AM,0.2071,0.2082,0.2018,0.2046,75017504
10/26/2017, 12:00:00 AM,0.2044,0.2063,0.2027,0.2036,38193100
10/27/2017, 12:00:00 AM,0.2037,0.2045,0.2018,0.2028,29623000
10/28/2017, 12:00:00 AM,0.2026,0.2035,0.2014,0.2018,26864900
10/29/2017, 12:00:00 AM,0.2014,0.2052,0.2001,0.2028,62511100
10/30/2017, 12:00:00 AM,0.2031,0.2041,0.202,0.2027,34835100
10/31/2017, 12:00:00 AM,0.2024,0.2038,0.2005,0.2006,43875700
11/1/2017, 12:00:00 AM,0.2003,0.2015,0.1936,0.1941,67921000
11/2/2017, 12:00:00 AM,0.1946,0.2119,0.1838,0.2059,197770000
11/3/2017, 12:00:00 AM,0.2062,0.228,0.2017,0.2081,373401984
11/4/2017, 12:00:00 AM,0.2081,0.2085,0.2021,0.2038,74013200
11/5/2017, 12:00:00 AM,0.2033,0.2051,0.2011,0.2021,46959000
11/6/2017, 12:00:00 AM,0.202,0.2087,0.2014,0.206,102233000
11/7/2017, 12:00:00 AM,0.2051,0.2114,0.204,0.2104,114073000
11/8/2017, 12:00:00 AM,0.2107,0.2215,0.2081,0.2174,156959008
11/9/2017, 12:00:00 AM,0.2179,0.2218,0.2149,0.2175,147916992
11/10/2017, 12:00:00 AM,0.2183,0.2191,0.2053,0.2065,141032992
11/11/2017, 12:00:00 AM,0.206,0.2145,0.2055,0.2104,134503008
11/12/2017, 12:00:00 AM,0.2102,0.2102,0.1954,0.1973,251175008
11/13/2017, 12:00:00 AM,0.1975,0.2041,0.1975,0.2034,132567000
11/14/2017, 12:00:00 AM,0.2037,0.2137,0.2037,0.2098,127361000
11/15/2017, 12:00:00 AM,0.2089,0.2131,0.2081,0.213,100294000
11/16/2017, 12:00:00 AM,0.2127,0.2718,0.2093,0.2271,1022579968
11/17/2017, 12:00:00 AM,0.2248,0.2394,0.2203,0.2266,397071008
11/18/2017, 12:00:00 AM,0.2266,0.2304,0.2224,0.2286,144298000
11/19/2017, 12:00:00 AM,0.2281,0.2362,0.226,0.231,193808000
11/20/2017, 12:00:00 AM,0.2313,0.2434,0.2309,0.2388,214663008
11/21/2017, 12:00:00 AM,0.238,0.241,0.2272,0.2333,217851008
11/22/2017, 12:00:00 AM,0.2326,0.2409,0.2323,0.2389,167078000
11/23/2017, 12:00:00 AM,0.239,0.2501,0.2373,0.2424,240684992
11/24/2017, 12:00:00 AM,0.2429,0.2454,0.2384,0.2446,211486000
11/25/2017, 12:00:00 AM,0.2442,0.2557,0.2436,0.2524,212592992
11/26/2017, 12:00:00 AM,0.2529,0.2529,0.2486,0.2488,133297000
11/27/2017, 12:00:00 AM,0.2483,0.2547,0.2479,0.2539,196735008
11/28/2017, 12:00:00 AM,0.254,0.3011,0.2534,0.2992,720742976
11/29/2017, 12:00:00 AM,0.2979,0.2979,0.2394,0.2431,541177984
11/30/2017, 12:00:00 AM,0.2464,0.2615,0.2296,0.2509,270907008
12/1/2017, 12:00:00 AM,0.2504,0.2588,0.2394,0.2557,182992000
12/2/2017, 12:00:00 AM,0.2557,0.2592,0.2508,0.2555,118250000
12/3/2017, 12:00:00 AM,0.2555,0.2631,0.2474,0.2526,134710000
12/4/2017, 12:00:00 AM,0.2529,0.2554,0.2472,0.2536,104650000
12/5/2017, 12:00:00 AM,0.2536,0.254,0.2452,0.2461,174591008
12/6/2017, 12:00:00 AM,0.2454,0.2457,0.2277,0.2325,274526016
12/7/2017, 12:00:00 AM,0.2326,0.2338,0.2213,0.2228,275204992
12/8/2017, 12:00:00 AM,0.2236,0.2787,0.2222,0.2521,660172032
12/9/2017, 12:00:00 AM,0.2522,0.2557,0.2401,0.2447,205288992
12/10/2017, 12:00:00 AM,0.2456,0.2456,0.2293,0.2373,198174000
12/11/2017, 12:00:00 AM,0.2366,0.2528,0.2358,0.2517,176100992
12/12/2017, 12:00:00 AM,0.2523,0.4341,0.251,0.3735,1555040000
12/13/2017, 12:00:00 AM,0.3727,0.5138,0.343,0.4711,2738759936
12/14/2017, 12:00:00 AM,0.4707,0.8923,0.4664,0.8643,6358700032
12/15/2017, 12:00:00 AM,0.8618,0.8618,0.6661,0.7562,3194210048
12/16/2017, 12:00:00 AM,0.7555,0.8159,0.7417,0.7586,1334770048
12/17/2017, 12:00:00 AM,0.7541,0.766,0.7199,0.7284,805200000
12/18/2017, 12:00:00 AM,0.728,0.792,0.6893,0.7784,1342720000
12/19/2017, 12:00:00 AM,0.7775,0.8635,0.7567,0.7913,1449670016
12/20/2017, 12:00:00 AM,0.7872,0.789,0.731,0.776,1007420032
12/21/2017, 12:00:00 AM,0.7825,1.24,0.7825,1.19,3626109952
12/22/2017, 12:00:00 AM,1.17,1.38,0.741,1.14,4644700160
12/23/2017, 12:00:00 AM,1.17,1.21,1.08,1.17,1497590016
12/24/2017, 12:00:00 AM,1.18,1.18,0.9112,1.04,754958976
12/25/2017, 12:00:00 AM,1.05,1.13,1,1.12,686014016
12/26/2017, 12:00:00 AM,1.12,1.19,1.09,1.19,938846976
12/27/2017, 12:00:00 AM,1.18,1.47,1.18,1.4,2854259968
12/28/2017, 12:00:00 AM,1.39,1.5,1.26,1.43,2843300096
12/29/2017, 12:00:00 AM,1.44,2.27,1.44,2.21,7545739776
12/30/2017, 12:00:00 AM,2.2,2.85,2.04,2.16,8108389888
12/31/2017, 12:00:00 AM,2.1,2.39,1.87,2.3,4642079744
1/1/2018, 12:00:00 AM,2.3,2.39,2.15,2.39,1894230016
1/2/2018, 12:00:00 AM,2.37,2.49,2.25,2.48,3171010048
1/3/2018, 12:00:00 AM,2.46,3.28,2.44,3.11,6635879936
1/4/2018, 12:00:00 AM,3.12,3.84,3.12,3.2,8103660032
1/5/2018, 12:00:00 AM,3.3,3.56,2.83,3.05,6288500224
1/6/2018, 12:00:00 AM,3.02,3.24,2.99,3.09,2777560064
1/7/2018, 12:00:00 AM,3.09,3.49,3.08,3.38,2395150080
1/8/2018, 12:00:00 AM,3.36,3.36,2.07,2.46,3315259904
1/9/2018, 12:00:00 AM,2.44,2.53,1.98,2.1,3694700032
1/10/2018, 12:00:00 AM,2.13,2.16,1.7,1.97,4833639936
1/11/2018, 12:00:00 AM,1.98,2.25,1.62,1.95,6296119808
1/12/2018, 12:00:00 AM,1.94,2.16,1.87,2.04,3330810112
1/13/2018, 12:00:00 AM,2.05,2.12,1.98,2.02,2130169984
1/14/2018, 12:00:00 AM,2.02,2.02,1.81,1.86,1978200064
1/15/2018, 12:00:00 AM,1.86,1.9,1.67,1.68,1838460032
1/16/2018, 12:00:00 AM,1.68,1.7,0.9093,1.18,5687960064
1/17/2018, 12:00:00 AM,1.18,1.38,0.8978,1.31,7251210240
1/18/2018, 12:00:00 AM,1.31,1.73,1.26,1.6,9110439936
1/19/2018, 12:00:00 AM,1.58,1.7,1.5,1.55,3697430016
1/20/2018, 12:00:00 AM,1.56,1.63,1.5,1.58,2346449920
1/21/2018, 12:00:00 AM,1.58,1.58,1.34,1.38,2840750080
1/22/2018, 12:00:00 AM,1.39,1.43,1.16,1.36,2642510080
1/23/2018, 12:00:00 AM,1.35,1.43,1.2,1.34,2977080064
1/24/2018, 12:00:00 AM,1.35,1.42,1.31,1.36,1853440000
1/25/2018, 12:00:00 AM,1.36,1.38,1.29,1.31,986067968
1/26/2018, 12:00:00 AM,1.31,1.33,1.13,1.22,2037570048
1/27/2018, 12:00:00 AM,1.22,1.24,1.19,1.22,689100992
1/28/2018, 12:00:00 AM,1.22,1.44,1.22,1.4,1327360000
1/29/2018, 12:00:00 AM,1.4,1.41,1.3,1.32,1073680000
1/30/2018, 12:00:00 AM,1.33,1.33,1.13,1.14,1134640000
1/31/2018, 12:00:00 AM,1.13,1.19,1.04,1.16,1264029952
2/1/2018, 12:00:00 AM,1.16,1.16,0.9304,0.9625,1410419968